CASE_ID,ACCIDENT_YEAR,PROC_DATE,JURIS,COLLISION_DATE,COLLISION_TIME,OFFICER_ID,REPORTING_DISTRICT,DAY_OF_WEEK,CHP_SHIFT,POPULATION,CNTY_CITY_LOC,SPECIAL_COND,BEAT_TYPE,CHP_BEAT_TYPE,CITY_DIVISION_LAPD,CHP_BEAT_CLASS,BEAT_NUMBER,PRIMARY_RD,SECONDARY_RD,DISTANCE,DIRECTION,INTERSECTION,WEATHER_1,WEATHER_2,STATE_HWY_IND,CALTRANS_COUNTY,CALTRANS_DISTRICT,STATE_ROUTE,ROUTE_SUFFIX,POSTMILE_PREFIX,POSTMILE,LOCATION_TYPE,RAMP_INTERSECTION,SIDE_OF_HWY,TOW_AWAY,COLLISION_SEVERITY,NUMBER_KILLED,NUMBER_INJURED,PARTY_COUNT,PRIMARY_COLL_FACTOR,PCF_CODE_OF_VIOL,PCF_VIOL_CATEGORY,PCF_VIOLATION,PCF_VIOL_SUBSECTION,HIT_AND_RUN,TYPE_OF_COLLISION,MVIW,PED_ACTION,ROAD_SURFACE,ROAD_COND_1,ROAD_COND_2,LIGHTING,CONTROL_DEVICE,CHP_ROAD_TYPE,PEDESTRIAN_ACCIDENT,BICYCLE_ACCIDENT,MOTORCYCLE_ACCIDENT,TRUCK_ACCIDENT,NOT_PRIVATE_PROPERTY,ALCOHOL_INVOLVED,STWD_VEHTYPE_AT_FAULT,CHP_VEHTYPE_AT_FAULT,COUNT_SEVERE_INJ,COUNT_VISIBLE_INJ,COUNT_COMPLAINT_PAIN,COUNT_PED_KILLED,COUNT_PED_INJURED,COUNT_BICYCLIST_KILLED,COUNT_BICYCLIST_INJURED,COUNT_MC_KILLED,COUNT_MC_INJURED,PRIMARY_RAMP,SECONDARY_RAMP,LATITUDE,LONGITUDE,COUNTY,CITY,POINT_X,POINT_Y
91323614,2020,2020-10-14,9820,2020-10-06,1400,019933,,2,2,9,2600,0,3,5,,2,020,"UN-NAMED DIRT TRAIL","TWIN LAKES RD.",2640.00,N,N,A,-,N,,,,,,,,,,N,2,0,1,1,B,-,22,,,N,F,A,A,A,G,-,A,D,0,,,Y,,Y,,C,06,1,0,0,0,0,0,0,0,1,"- ","- ",38.179000854492188,-119.343017578125,MONO,UNINCORPORATED,,
6291421,2014,2014-12-09,9820,2014-08-03,1110,19763,,7,1,9,2600,0,1,2,,1,041,"RT 395","PICNIC GROUNDS RD",4.00,S,N,B,-,Y,MNO,9,395,-,-,53.070,H,-,S,Y,1,1,1,2,A,-,09,21801,A,N,D,C,A,A,H,-,A,D,0,,,Y,,Y,,A,01,0,1,0,0,0,0,0,1,0,"- ","- ",37.97672,-119.1357,MONO,UNINCORPORATED,-119.13557272,37.976681200000002
91340986,2020,2020-12-04,9825,2020-09-06,2230,015522,,7,3,9,2600,0,1,2,,1,023,"US-395 S/B","LOWER ROCK CREEK ROAD",26136.00,S,N,A,-,Y,,,395,,,,,,S,Y,1,1,0,1,A,-,01,23152,A,N,E,I,A,A,H,-,D,D,0,,,,,Y,Y,A,07,0,0,0,0,0,0,0,0,0,"- ","- ",37.518241882324219,-118.59667205810547,MONO,UNINCORPORATED,-118.59666442871094,37.518260955810547
90023070,2015,2015-10-19,9820,2015-09-18,1015,019766,,5,1,9,2600,0,1,3,,1,039,SR-158,"NORTHSHORE DRIVE",899.00,S,N,A,-,Y,,,158,,,,,,,N,2,0,1,2,A,-,03,22350,,N,C,G,A,A,H,-,A,D,0,,Y,,,Y,,D,22,1,0,0,0,0,0,1,0,0,"- ","- ",37.771169999999998,-119.08741000000001,MONO,UNINCORPORATED,-119.08739927000001,37.771142009999998
90523047,2017,2017-08-14,9825,2017-08-06,0626,017565,,7,1,9,2600,0,1,2,,1,009,"RT 6","DAWSON RANCH RD",216.00,S,N,A,-,Y,,,6,,,,,,,Y,2,0,1,2,A,-,05,21460,A,N,A,C,A,A,H,-,B,D,0,,,,,Y,Y,A,07,1,0,0,0,0,0,0,0,0,"- ","- ",37.668689999999998,-118.4028,MONO,UNINCORPORATED,-118.40277847999999,37.668698050000003
92036447,2023,2023-04-04,9820,2023-03-27,1000,022327,,1,1,9,2600,0,3,5,,2,055,"US FOREST SERVICE ROAD 2S04","OWENS RIVER RD",0.00,,Y,A,-,N,,,,,,,,,,N,2,0,2,1,A,-,03,38305,,N,F,A,A,C,H,-,A,D,0,,,,,Y,,M,96,1,0,1,0,0,0,0,0,0,"- ","- ",37.747699737548828,-118.93879699707031,MONO,UNINCORPORATED,,
90209225,2016,2016-06-24,9820,2016-06-15,1512,020600,,3,2,9,2600,0,1,2,,1,041,US-395,"PICNIC GROUNDS RD",448.00,S,N,A,-,Y,,,395,,,,,,,Y,2,0,2,3,A,-,08,22107,,N,B,C,A,A,H,-,A,D,0,,,Y,,Y,,D,22,1,0,1,0,0,0,0,0,2,"- ","- ",37.97287,-119.13372,MONO,UNINCORPORATED,-119.1335839,37.972900289999998
90294259,2016,2016-10-18,9820,2016-10-09,0440,020241,,7,3,9,2600,0,1,3,,1,013,SR-89,US-395,3168.00,N,N,A,-,Y,,,,,,,,,,Y,2,0,1,1,A,-,08,22107,,N,F,A,A,A,H,-,D,D,0,,,,Y,Y,,G,25,1,0,0,0,0,0,0,0,0,"- ","- ",38.383600000000001,-119.3215,MONO,UNINCORPORATED,-119.52764000000001,38.642629999999997
90242910,2016,2016-08-15,9820,2016-08-08,0300,020309,,1,3,9,2600,0,1,2,,1,042,"US 395 N/B","GLASS CREEK RD",1584.00,N,N,A,-,Y,,,,,,,,,,Y,2,0,1,1,A,-,01,23152,A,N,E,I,A,A,H,-,D,D,0,,,,,Y,Y,A,07,1,0,0,0,0,0,0,0,0,"- ","- ",37.556600000000003,-118.9853,MONO,UNINCORPORATED,-118.98571045,37.756026310000003
6290416,2014,2014-05-02,9820,2014-01-14,1220,19627,,2,1,9,2600,0,1,2,,1,022,"RT 395","GREEN CREEK RD",5280.00,N,N,A,-,Y,MNO,9,395,-,-,72.990,H,-,N,Y,1,1,1,2,A,-,05,21460,A,N,A,C,A,A,H,-,A,A,0,,,,,Y,,A,01,0,0,1,0,0,0,0,0,0,"- ","- ",38.208930000000002,-119.23018,MONO,UNINCORPORATED,-119.22974634000001,38.208442609999999
6908306,2015,2016-12-19,9820,2015-04-17,1530,018674,,5,2,9,2600,0,1,2,,1,011,"RT 395","RT 89",5808.00,N,N,A,-,Y,MNO,9,395,-,-,118.070,H,-,N,Y,2,0,2,2,A,-,08,22107,,N,B,C,A,A,H,-,A,D,0,,,Y,,Y,,C,02,1,0,1,0,0,0,0,0,1,"- ","- ",38.657040000000002,-119.53751,MONO,UNINCORPORATED,-119.5374504,38.655888480000002
91337745,2020,2020-11-03,9825,2020-10-31,1800,020183,,6,2,9,2600,0,3,5,,2,030,"UNNAMED DIRT ROAD","SACRAMENTO ST",5280.00,E,N,A,-,N,,,,,,,,,,N,2,0,1,1,A,-,03,38305,,N,F,A,A,A,A,-,A,D,0,,,Y,,Y,,C,06,1,0,0,0,0,0,0,0,1,"- ","- ",37.538921356201172,-118.36695098876953,MONO,UNINCORPORATED,,
90642526,2017,2018-01-29,9820,2017-12-13,1630,016150,,3,2,9,2600,0,1,2,,1,022,US-395,SR-270,3696.00,S,N,A,-,Y,,,395,,,,,,,Y,1,2,1,2,A,-,08,22107,,N,A,C,A,A,H,-,D,D,0,,,,,Y,Y,D,22,0,1,0,0,0,0,0,0,0,"- ","- ",38.166460000000001,-119.19277,MONO,UNINCORPORATED,-119.19278994,38.166450449999999
91353746,2020,2020-11-25,9820,2020-11-20,1635,021335,,5,2,9,2600,0,1,2,,1,012,US-395,"EASTSIDE LN",19008.00,S,N,A,-,Y,,,395,,,,,,,Y,2,0,1,1,A,-,03,22350,,N,F,A,A,A,H,-,B,D,0,,,Y,,Y,,C,02,1,0,0,0,0,0,0,0,1,"- ","- ",38.471210479736328,-119.46153259277344,MONO,UNINCORPORATED,-119.46160888671875,38.471176147460938
92868425,2024,2024-07-29,9820,2024-07-24,1335,021692,,3,1,9,2600,0,1,2,,1,051,"US-395 SOUTHBOUND","GLASS CREEK RD.",1320.00,N,N,B,-,Y,MNO,,395," "," ",34.359,H,,L,Y,2,0,3,1,A,-,08,22107,,N,E,8,A,A,H,-,A,D,0,,,,,Y,,D,22,1,2,0,0,0,0,0,0,0,"- ","- ",37.755329132080078,-118.98600769042969,MONO,UNINCORPORATED,-118.98580932617188,37.755409240722656
90626120,2017,2017-12-26,9820,2017-12-15,1615,015992,,5,2,9,2600,0,1,2,,1,011,US-395,SR-89,12672.00,N,N,B,-,Y,,,,,,,,,,Y,2,0,1,1,A,-,03,22350,,N,F,I,A,A,H,-,A,D,0,,,,,Y,,A,01,1,0,0,0,0,0,0,0,0,"- ","- ",,,MONO,UNINCORPORATED,-119.52957000000001,38.64705
90762335,2018,2018-07-03,9820,2018-06-30,1820,018230,,6,2,9,2600,0,3,5,,2,020,"TWIN LAKES ROAD","SOUTH TWIN RD",4752.00,E,N,A,-,N,,,,,,,,,,N,2,0,2,1,A,-,03,22350,,N,H,A,A,A,H,-,A,D,0,,,,,Y,,D,22,2,0,0,0,0,0,0,0,0,"- ","- ",38.186279296875,-119.32241821289062,MONO,UNINCORPORATED,-119.32804107666016,38.172901153564453
90868342,2018,2018-11-27,9820,2018-11-21,1000,020600,,3,1,9,2600,0,3,5,,2,045,"FOREST ROAD 1S160","SAGE HEN MEADOWS RD",310.00,S,N,B,-,N,,,,,,,,,,N,2,0,2,2,A,-,16,38330,,N,H,C,A,A,H,-,A,A,0,,,,,Y,,D,22,2,0,0,0,0,0,0,0,0,"- ","- ",37.870208740234375,-118.86778259277344,MONO,UNINCORPORATED,,
7190434,2016,2016-10-04,2601,2016-08-04,2054,0062,,4,5,2,2601,0,0,0,,0,0ML,"MAIN ST","MOUNTAIN BL",302.00,W,N,A,-,Y,MNO,9,203,-,-,5.030,H,-,W,N,1,1,0,2,A,-,11,21954,A,F,G,B,D,A,H,-,C,D,0,Y,,,,Y,Y,N,60,0,0,0,1,0,0,0,0,0,"- ","- ",,,MONO,"MAMMOTH LAKES",-119.05780707,37.653940429999999
90637633,2018,2018-01-10,9820,2018-01-07,1745,021404,,7,2,9,2600,0,1,2,,1,052,"US-395 N/B","SHERWIN CREEK RD",3168.00,S,N,A,-,Y,,,395,,,,,,N,Y,2,0,1,1,C,-,18,,,N,H,H,A,A,H,-,D,D,0,,,,,Y,,-,"- ",1,0,0,0,0,0,0,0,0,"- ","- ",37.634529113769531,-118.88182067871094,MONO,UNINCORPORATED,-118.8818359375,37.634483337402344
90037162,2015,2015-10-23,9820,2015-09-17,1430,014841,,4,2,9,2600,0,1,2,,1,021,US-395,"SWAGGER CREEK RD.",11088.00,S,N,A,-,Y,,,,,,,,,,Y,1,1,0,1,A,-,08,22107,,N,E,I,A,A,H,-,A,D,0,,,,,Y,,A,07,0,0,0,0,0,0,0,0,0,"- ","- ",38.331119999999999,-119.31019999999999,MONO,UNINCORPORATED,-119.31811764,38.331129830000002
90316097,2016,2016-11-10,9825,2016-11-07,0740,015522,,1,1,9,2600,0,1,2,,1,009,US-6,"WALKER PL",9504.00,S,N,A,-,Y,,,,,,,,,,Y,2,0,1,1,A,-,08,22107,,N,E,I,A,A,H,-,A,D,0,,,,Y,Y,,F,26,1,0,0,0,0,0,0,0,0,"- ","- ",37.799770000000002,-118.46454,MONO,UNINCORPORATED,-118.46422834000001,37.778980410000003
90195028,2016,2016-06-06,9820,2016-05-15,1420,018674,,7,2,9,2600,0,1,2,,1,012,"US HIGHWAY 395","CHRIS FLAT CAMPGROUND",511.00,N,N,B,-,Y,,,395,,,,,,,Y,2,0,2,3,A,-,05,21460,A,N,A,C,A,A,H,-,A,D,0,,,,,Y,,A,01,2,0,0,0,0,0,0,0,0,"- ","- ",38.39676,-119.45292999999999,MONO,UNINCORPORATED,-119.45294330999999,38.396760710000002
90453174,2017,2017-05-10,9820,2017-05-08,2323,020600,,1,3,9,2600,0,1,2,,1,052,"US-395 S/B","MT MORRISON RD",1653.00,S,N,B,-,Y,,,395,,,,,,S,Y,2,0,2,1,A,-,01,23152,A,N,E,I,A,A,H,-,D,D,0,,,,,Y,Y,D,22,1,1,0,0,0,0,0,0,0,"- ","- ",37.613169999999997,-118.80991,MONO,UNINCORPORATED,-118.81014439,37.612992470000002
90858584,2018,2018-11-13,9820,2018-11-04,0135,020309,,7,3,9,2600,0,3,5,,2,040,"NORTHSHORE DRIVE","SR 158",83.00,N,N,A,-,Y,,,,,,,,,,Y,2,0,1,1,A,-,01,23152,A,N,E,I,A,A,H,-,D,D,0,,,,,Y,Y,A,01,1,0,0,0,0,0,0,0,0,"- ","- ",37.799510955810547,-119.06346893310547,MONO,UNINCORPORATED,-119.06315612792969,37.799343109130859
9591416,2023,2023-08-08,2601,2023-03-25,2034,0042,,6,5,2,2601,0,0,0,,0,0ML,"RT 203","SCENIC LOOP",0.00,,Y,A,-,Y,MNO,9,203,-,R,2.390,H,-,E,Y,2,0,1,1,A,-,01,23152,A,N,A,A,A,C,A,H,D,D,0,,,,,Y,Y,D,22,1,0,0,0,0,0,0,0,0,"- ","- ",37.643970489501953,-119.03668212890625,MONO,"MAMMOTH LAKES",-119.00952911376953,37.650810241699219
91985116,2023,2023-02-02,9820,2023-01-29,1300,020530,,7,1,9,2600,0,1,2,,1,012,US-395,"EASTSIDE LN",25344.00,S,N,B,D,Y,MNO,,395," "," ",101.582,H,,R,Y,2,0,3,2,A,-,03,22350,,N,A,2,A,C,G,-,A,D,0,,,,,Y,,D,22,1,2,0,0,0,0,0,0,0,"- ","- ",38.455890655517578,-119.46063995361328,MONO,UNINCORPORATED,-119.4605712890625,38.455860137939453
90027813,2015,2015-10-19,9820,2015-09-27,1450,018441,,7,2,9,2600,0,3,5,,2,045,SR-120,"DOBIE MEADOWS",979.00,W,N,A,-,Y,,,120,,,,,,,Y,2,0,1,1,A,-,03,22350,,N,F,A,A,A,H,-,A,D,0,,,Y,,Y,,C,02,1,0,0,0,0,0,0,0,1,"- ","- ",37.921430000000001,-118.70502999999999,MONO,UNINCORPORATED,-118.70503886,37.921360399999998
94662848,2025,2025-04-24,9820,2025-04-22,1640,021692,,2,2,9,2600,0,1,2,,1,052,"US-395 S/B",SR-203,250.00,S,N,B,-,Y,,,,,,,,,,N,2,0,1,1,A,-,08,22107,,N,F,A,A,A,H,-,A,D,0,,,,,Y,,A,07,1,0,0,0,0,0,0,0,0,"- ","- ",37.640720367431641,-118.91728973388672,MONO,UNINCORPORATED,-118.91310882568359,37.639270782470703
90373973,2017,2017-01-20,9825,2017-01-12,0900,016631,,4,1,9,2600,0,1,2,,1,023,"US-395 N/B","LOWER ROCK CREEK ROAD",19536.00,S,N,D,-,Y,,,395,,,,,,N,Y,2,0,1,2,A,-,03,22350,,N,D,C,A,C,H,-,A,D,0,,,,,Y,,-,"- ",1,0,0,0,0,0,0,0,0,"- ","- ",37.522799999999997,-118.6172,MONO,UNINCORPORATED,-118.61722604000001,37.522722129999998
92363476,2024,2024-04-12,9820,2024-03-17,2050,018654,,7,2,9,2600,0,1,2,,1,021,"UNITED STATES HIGHWAY 395","395 MPM 86.00",390.00,S,N,A,-,Y,MNO,,395," ",R,86.064,H,,R,Y,1,1,5,3,C,-,18,,,F,E,9,A,A,C,-,D,A,0,,,,,Y,,-,"- ",1,2,2,0,0,0,0,0,0,"- ","- ",38.346199035644531,-119.3271484375,MONO,UNINCORPORATED,-119.32715606689453,38.34619140625
6606110,2014,2014-09-25,9825,2014-05-24,0555,18925,,6,3,9,2600,0,1,2,,1,023,"RT 395","LOWER ROCK CREEK RD",26928.00,S,N,A,-,Y,MNO,9,395,-,R,4.230,H,-,S,Y,1,1,0,1,A,-,01,23152,A,N,E,I,A,A,H,-,B,D,1,,,,,Y,Y,D,23,0,0,0,0,0,0,0,0,0,"- ","- ",37.515549999999998,-118.58969999999999,MONO,UNINCORPORATED,-118.60036594,37.518738759999998
90333952,2016,2016-11-30,9820,2016-11-27,1335,020309,,7,1,9,2600,0,1,2,,1,042,"US-395 S/B","MPM 395 MNO 42.00",2112.00,S,N,A,-,Y,,,395,,,,,,S,Y,2,0,1,1,A,-,03,22350,,N,E,I,A,C,H,-,A,A,0,,,,,Y,,D,22,1,0,0,0,0,0,0,0,0,"- ","- ",37.828180000000003,-119.06665,MONO,UNINCORPORATED,-119.06663974999999,37.828194699999997
91074255,2019,2019-09-13,9820,2019-09-01,1220,021692,,7,1,9,2600,0,1,3,,1,039,SR-158,"SILVER LAKE RESORT",500.00,S,N,A,-,Y,,,158,,,,,,,Y,2,0,1,1,A,-,08,22107,,N,F,A,A,A,H,-,A,D,0,,,Y,,Y,,C,02,1,0,0,0,0,0,0,0,1,"- ","- ",37.778438568115234,-119.12938690185547,MONO,UNINCORPORATED,-119.12943267822266,37.778427124023438
90032419,2015,2015-10-19,9820,2015-10-12,0635,020309,,1,1,9,2600,0,1,3,,1,044,SR-120,"SADDLEBAG LAKE RD",1584.00,W,N,A,-,Y,,,120,,,,,,,Y,2,0,3,1,A,-,03,22350,,N,E,I,A,A,H,-,D,D,0,,,,,Y,,A,08,1,1,1,0,0,0,0,0,0,"- ","- ",37.934620000000002,-119.24823000000001,MONO,UNINCORPORATED,-119.24833304000001,37.93463903
6291697,2014,2014-12-16,9820,2014-09-11,1305,18674,,4,1,9,2600,0,1,3,,1,014,"RT 108","WALKER RV BR #47-20",597.00,W,N,A,-,Y,MNO,9,108,-,-,12.780,H,-,W,Y,1,1,0,1,A,-,03,22350,,N,E,I,A,A,H,-,A,D,0,,,Y,,Y,,C,02,0,0,0,0,0,0,0,1,0,"- ","- ",38.365989999999996,-119.4843,MONO,UNINCORPORATED,-119.48447075999999,38.365889000000003
91612004,2021,2021-11-01,9820,2021-10-26,1625,021692,,2,2,9,2600,0,3,5,,2,055,"SHEPHERD HOT SPRINGS ROAD","WHITMORE TUBS ROAD",2112.00,E,N,B,-,N,,,,,,,,,,N,2,0,1,1,A,-,08,22107,,N,F,A,A,B,F,-,A,D,0,,,Y,,Y,,C,02,1,0,0,0,0,0,0,0,1,"- ","- ",37.665241241455078,-118.80476379394531,MONO,UNINCORPORATED,,
90819889,2018,2018-09-24,9820,2018-09-19,1857,020600,,3,2,9,2600,0,1,2,,1,051,"US-395 N/B","MAMMOTH SCENIC LOOP",5280.00,N,N,A,-,Y,,,395,,,,,,N,Y,2,0,1,1,C,-,18,,,N,H,H,A,A,H,-,B,D,0,,,Y,,Y,,-,"- ",1,0,0,0,0,0,0,0,1,"- ","- ",37.722671508789062,-118.96076965332031,MONO,UNINCORPORATED,-118.96078491210938,37.722660064697266
91603847,2021,2021-10-22,9820,2021-10-19,0905,016556,,2,1,9,2600,0,1,2,,1,041,"SR 167 WB","US 395 NB",0.00,,Y,A,-,Y,,,167,,,,,,W,Y,2,0,2,2,A,-,09,21801,A,N,D,C,A,A,H,-,A,A,0,,,,,Y,,A,07,1,1,0,0,0,0,0,0,0,"- ","- ",38.045551300048828,-119.16081237792969,MONO,UNINCORPORATED,-119.16074371337891,38.045314788818359
90815709,2018,2018-09-18,9820,2018-09-08,0815,021026,,6,1,9,2600,0,3,5,,2,045,"SR-120 (EAST)","GRANITE CONSTRUCTION COMPANY ROAD",0.00,,Y,A,-,Y,,,120,,,,,,,N,2,0,1,2,A,-,08,22107,,N,C,G,A,A,H,-,A,D,0,,Y,,,Y,,L,04,1,0,0,0,0,0,1,0,0,"- ","- ",37.897850036621094,-119.07102203369141,MONO,UNINCORPORATED,-119.07101440429688,37.897846221923828
94479209,2024,2024-11-21,9820,2024-11-09,"315 ",023615,,6,3,9,2600,0,1,2,,1,011,US-395,"PALMER WAY",1050.00,N,N,A,-,Y,MNO,,395," "," ",117.978,H,,R,Y,2,0,1,1,A,-,08,22107,,N,E,I,A,A,H,-,D,D,0,,,Y,,Y,Y,C,02,1,0,0,0,0,0,0,0,1,"- ","- ",38.654819488525391,-119.5372314453125,MONO,UNINCORPORATED,-119.5372314453125,38.654819488525391
91167813,2020,2020-01-17,9820,2020-01-09,1531,019933,,4,2,9,2600,0,1,2,,1,012,"RT 395","RT 108",23760.00,N,N,D,-,Y,,,395,,,,,,,Y,2,0,2,1,A,-,03,22350,,N,E,I,A,C,G,-,A,A,0,,,,,Y,,A,01,1,1,0,0,0,0,0,0,0,"- ","- ",38.410259246826172,-119.45033264160156,MONO,UNINCORPORATED,-119.45040893554688,38.410274505615234
90821214,2018,2018-09-25,9820,2018-09-23,1630,018230,,7,2,9,2600,0,3,5,,2,040,"UN-NAMED DIRT ROAD WEST OF US-395","VISITOR CENTER DR",528.00,S,N,A,-,N,,,,,,,,,,N,2,0,2,2,A,-,03,38305,,N,A,C,A,A,B,-,A,D,0,,,Y,,Y,,-,"- ",2,0,0,0,0,0,0,0,2,"- ","- ",37.960258483886719,-119.12628936767578,MONO,UNINCORPORATED,-119.12587738037109,37.963043212890625
92011838,2023,2023-03-07,9820,2023-02-23,1340,020839,,4,1,9,2600,0,3,5,,2,055,"FOREST SERVICE RD 2S85","OWENS RIVER RD",5280.00,S,N,A,-,N,,,,,,,,,,N,2,0,1,1,A,-,03,38305,,N,E,I,A,C,H,-,A,D,0,,,,,Y,,-,"- ",1,0,0,0,0,0,0,0,0,"- ","- ",37.738861083984375,-118.95176696777344,MONO,UNINCORPORATED,,
91008708,2019,2019-06-12,9820,2019-06-11,0540,019760,,2,3,9,2600,0,1,2,,1,041,US-395,"CEMETARY RD",2112.00,S,N,A,-,Y,,,395,,,,,,,Y,2,0,2,1,A,-,08,22107,,N,E,I,A,A,H,-,A,D,0,,,,,Y,,A,07,1,1,0,0,0,0,0,0,0,"- ","- ",38.00421142578125,-119.15351867675781,MONO,UNINCORPORATED,-119.15347290039062,38.004238128662109
90676782,2018,2018-03-12,9820,2018-02-23,0710,020309,,5,1,9,2600,0,1,2,,1,022,US-395,"GREEN CREEK RD",663.00,S,N,B,-,Y,,,395,,,,,,,Y,1,1,2,1,A,-,03,22350,,N,E,I,A,C,H,-,A,A,0,,,,,Y,,D,22,0,2,0,0,0,0,0,0,0,"- ","- ",38.194000244140625,-119.21381378173828,MONO,UNINCORPORATED,-119.21379852294922,38.194026947021484
90716227,2018,2018-04-30,9820,2018-04-21,1430,015992,,6,2,9,2600,0,1,3,,1,013,SR-89,"ALPINE COUNTY LINE",2640.00,E,N,A,-,Y,,,,,,,,,,N,2,0,1,2,A,-,05,21460,A,N,B,C,A,A,H,-,A,D,0,,,Y,,Y,,C,02,1,0,0,0,0,0,0,0,1,"- ","- ",,,MONO,UNINCORPORATED,,
91571192,2021,2021-09-15,9820,2021-09-12,1105,020839,,7,1,9,2600,0,1,2,,1,022,"US-395 S/B","395 MNO 62.5",335.00,S,N,A,-,Y,,,395,,,,,,S,Y,2,0,1,1,A,-,03,22350,,N,E,I,A,A,H,-,A,D,0,,,Y,,Y,,C,02,1,0,0,0,0,0,0,0,1,"- ","- ",38.074199676513672,-119.17562103271484,MONO,UNINCORPORATED,-119.17562103271484,38.074184417724609
92293389,2024,2024-01-22,9820,2024-01-17,"500 ",016556,,3,3,9,2600,0,1,2,,1,051,"US 395 SOUTHBOUND","GLASS CREEK RD",850.00,S,N,B,G,Y,MNO,,395," "," ",33.919,H,,L,Y,2,0,1,1,A,-,08,22107,,N,E,J,A,C,H,-,D,D,0,,,,Y,Y,,G,25,1,0,0,0,0,0,0,0,0,"- ","- ",37.749408721923828,-118.98317718505859,MONO,UNINCORPORATED,-118.98304748535156,37.749465942382812
90759575,2018,2018-06-29,9825,2018-06-25,1000,015522,,1,1,9,2600,0,1,3,,1,014,SR-266,SR-168,26400.00,N,N,A,-,Y,,,266,,,,,,,Y,2,0,1,1,A,-,08,22107,,N,F,I,A,A,H,-,A,D,0,,,Y,,Y,,C,02,1,0,0,0,0,0,0,0,1,"- ","- ",37.487060546875,-117.92196655273438,MONO,UNINCORPORATED,-117.92191314697266,37.487155914306641
90817049,2018,2018-09-19,9820,2018-09-09,1335,021026,,7,1,9,2600,0,1,2,,1,052,"FOREST ROAD 3S59","OWENS RIVER ROAD",17635.00,S,N,A,-,N,,,,,,,,,,N,2,0,1,1,A,-,08,38314,,N,F,I,A,A,H,-,D,D,0,,,Y,,Y,,C,06,1,0,0,0,0,0,0,0,1,"- ","- ",37.705448150634766,-118.92809295654297,MONO,UNINCORPORATED,,
91295462,2020,2020-08-28,9820,2020-08-18,2030,016150,,2,2,9,2600,0,1,2,,1,021,US-395,"LITTLE WALKER RD",2640.00,S,N,A,-,Y,,,395,,,,,,,Y,2,0,2,1,A,-,08,22107,,N,E,I,A,A,H,-,D,D,0,,,,,Y,,E,22,2,0,0,0,0,0,0,0,0,"- ","- ",38.345020294189453,-119.43508148193359,MONO,UNINCORPORATED,-119.43506622314453,38.345001220703125
90807096,2018,2018-09-06,9820,2018-08-27,2050,016150,,1,2,9,2600,0,1,2,,1,022,US-395,"VIRGINIA LAKES RD",5808.00,N,N,A,-,Y,,,395,,,,,,,Y,2,0,1,1,A,-,01,23152,A,N,F,A,A,A,H,-,D,D,0,,,Y,,Y,Y,C,02,1,0,0,0,0,0,0,0,1,"- ","- ",38.074459075927734,-119.17439270019531,MONO,UNINCORPORATED,-119.17438507080078,38.074451446533203
90805316,2018,2018-09-04,9825,2018-08-31,0400,021400,,5,3,9,2600,0,1,2,,1,023,"US- 395 N/O VISTA POINT","VISTA POINT",11088.00,N,N,A,-,Y,,,395,,,,,,,Y,2,0,1,2,A,-,03,22350,,N,C,C,A,A,H,-,D,D,0,,,,Y,Y,,A,01,1,0,0,0,0,0,0,0,0,"- ","- ",37.527999877929688,-118.62509918212891,MONO,UNINCORPORATED,-118.62509155273438,37.52801513671875
90968678,2019,2019-04-16,9820,2019-04-10,2040,020934,,3,2,9,2600,0,3,5,,2,055,"OLD HWY","SUBSTATION RD",5.00,S,N,A,-,N,,,,,,,,,,Y,2,0,1,1,A,-,01,23152,A,N,E,I,A,A,H,-,D,D,0,,,,,Y,Y,D,22,1,0,0,0,0,0,0,0,0,"- ","- ",37.643711090087891,-118.90926361083984,MONO,UNINCORPORATED,-118.90932464599609,37.643680572509766
91321804,2020,2020-12-04,9820,2020-10-05,1913,016150,,1,2,9,2600,0,1,2,,1,021,"BRIDGE ST",US-395,64.00,E,N,A,-,Y,,,,,,,,,,Y,2,0,2,3,A,-,08,22107,,N,C,E,A,A,H,-,C,D,0,,,,,Y,,A,01,2,0,0,0,0,0,0,0,0,"- ","- ",38.256278991699219,-119.22441101074219,MONO,UNINCORPORATED,-119.22454833984375,38.256290435791016
91767427,2022,2022-05-09,9820,2022-04-29,1310,015992,,5,1,9,2600,0,1,2,,1,021,US-395,"KIRKWOOD ST",526.00,N,N,B,-,Y,,,,,,,,,,Y,2,0,1,2,A,-,09,21801,A,N,D,C,A,A,H,-,A,D,0,,,,,Y,,A,01,1,0,0,0,0,0,0,0,0,"- ","- ",38.250080108642578,-119.2322998046875,MONO,UNINCORPORATED,-119.23313140869141,38.256256103515625
6635010,2014,2016-04-28,9820,2014-08-25,1705,017567,,1,2,9,2600,0,1,3,,2,043,"RT 167","DOBIE MEADOWS RD",0.00,,Y,A,-,Y,MNO,9,167,-,-,16.580,H,-,W,Y,2,0,4,1,A,-,08,22107,,N,F,A,A,A,H,-,A,D,0,,,,,Y,Y,A,01,2,2,0,0,0,0,0,0,0,"- ","- ",,,MONO,UNINCORPORATED,-118.87827783,38.134543039999997