CASE_ID,ACCIDENT_YEAR,PROC_DATE,JURIS,COLLISION_DATE,COLLISION_TIME,OFFICER_ID,REPORTING_DISTRICT,DAY_OF_WEEK,CHP_SHIFT,POPULATION,CNTY_CITY_LOC,SPECIAL_COND,BEAT_TYPE,CHP_BEAT_TYPE,CITY_DIVISION_LAPD,CHP_BEAT_CLASS,BEAT_NUMBER,PRIMARY_RD,SECONDARY_RD,DISTANCE,DIRECTION,INTERSECTION,WEATHER_1,WEATHER_2,STATE_HWY_IND,CALTRANS_COUNTY,CALTRANS_DISTRICT,STATE_ROUTE,ROUTE_SUFFIX,POSTMILE_PREFIX,POSTMILE,LOCATION_TYPE,RAMP_INTERSECTION,SIDE_OF_HWY,TOW_AWAY,COLLISION_SEVERITY,NUMBER_KILLED,NUMBER_INJURED,PARTY_COUNT,PRIMARY_COLL_FACTOR,PCF_CODE_OF_VIOL,PCF_VIOL_CATEGORY,PCF_VIOLATION,PCF_VIOL_SUBSECTION,HIT_AND_RUN,TYPE_OF_COLLISION,MVIW,PED_ACTION,ROAD_SURFACE,ROAD_COND_1,ROAD_COND_2,LIGHTING,CONTROL_DEVICE,CHP_ROAD_TYPE,PEDESTRIAN_ACCIDENT,BICYCLE_ACCIDENT,MOTORCYCLE_ACCIDENT,TRUCK_ACCIDENT,NOT_PRIVATE_PROPERTY,ALCOHOL_INVOLVED,STWD_VEHTYPE_AT_FAULT,CHP_VEHTYPE_AT_FAULT,COUNT_SEVERE_INJ,COUNT_VISIBLE_INJ,COUNT_COMPLAINT_PAIN,COUNT_PED_KILLED,COUNT_PED_INJURED,COUNT_BICYCLIST_KILLED,COUNT_BICYCLIST_INJURED,COUNT_MC_KILLED,COUNT_MC_INJURED,PRIMARY_RAMP,SECONDARY_RAMP,LATITUDE,LONGITUDE,COUNTY,CITY,POINT_X,POINT_Y
90497145,2017,2017-07-10,9820,2017-07-06,1015,019766,,4,1,9,2600,0,1,2,,1,051,"US-395 SOUTHBOUND",SR-203,7392.00,N,N,A,-,Y,,,395,,,,,,S,N,2,0,1,1,A,-,08,22107,,N,F,A,A,A,H,-,A,D,0,,Y,,,Y,,L,04,1,0,0,0,0,0,1,0,0,"- ","- ",37.65887,-118.92683,MONO,UNINCORPORATED,-118.92682291,37.658875500000001
91750516,2022,2022-04-18,9820,2022-02-15,0009,021692,,2,3,9,2600,0,1,2,,1,052,"US-395 S/B","SOUTH LANDING RD.",4752.00,N,N,B,G,Y,MNO,,395,,R,14.927,H,,L,Y,1,1,1,1,A,-,08,22107,,N,F,0,A,A,G,-,D,A,0,,,,Y,Y,,G,25,0,0,1,0,0,0,0,0,0,"- ","- ",37.576171875,-118.75676727294922,MONO,UNINCORPORATED,-118.75678253173828,37.576148986816406
92257927,2023,2023-12-11,9820,2023-12-09,"8   ",019933,,6,3,9,2600,0,1,3,,1,039,"SR 158","DREAM MTN. DR.",75.00,S,N,B,-,Y,MNO,,158," "," ",5.583,H,,R,Y,2,0,2,1,A,-,01,23153,A,N,F,A,A,A,H,-,C,D,0,,,,,Y,Y,A,07,1,1,0,0,0,0,0,0,0,"- ","- ",37.764480590820312,-119.11873626708984,MONO,UNINCORPORATED,-119.11874389648438,37.764499664306641
92277186,2023,2024-01-02,9820,2023-12-31,"930 ",021692,,7,1,9,2600,0,1,2,,1,052,"US-395 S/B","SOUTH LANDING ROAD",4752.00,N,N,B,-,Y,MNO,,395," ",R,14.846,H,,L,Y,2,0,3,1,A,-,03,22350,,N,E,8,A,C,H,-,A,D,0,,,,,Y,,A,01,1,1,1,0,0,0,0,0,0,"- ","- ",37.575759887695312,-118.75537872314453,MONO,UNINCORPORATED,-118.75538635253906,37.575736999511719
6444278,2014,2016-01-23,9820,2014-03-16,1155,14841,,7,1,9,2600,0,1,3,,1,023,"RT 182","MASONIC RD",23760.00,N,N,A,-,Y,MNO,9,182,-,-,8.400,H,-,S,Y,2,0,1,1,A,-,03,22350,,N,E,I,A,A,H,-,A,A,0,,,Y,,Y,,C,02,1,0,0,0,0,0,0,0,1,"- ","- ",38.369030000000002,-119.19889000000001,MONO,UNINCORPORATED,-119.19779312,38.369257589999997
90061266,2015,2015-11-30,9825,2015-11-26,1745,020810,,4,2,9,2600,0,1,2,,1,009,"US-6 N/B","WALKER PLAZA",328.00,N,N,A,-,Y,,,6,,,,,,N,Y,2,0,1,1,A,-,01,23153,A,N,F,I,A,A,H,-,B,A,0,,,,,Y,Y,A,07,1,0,0,0,0,0,0,0,0,"- ","- ",37.806449999999998,-118.47257999999999,MONO,UNINCORPORATED,-118.47235435,37.806540830000003
90901041,2018,2019-01-09,9820,2018-12-26,1545,016150,,3,2,9,2600,0,1,2,,1,041,US-395,"CEMETARY RD",6336.00,S,N,A,-,Y,,,395,,,,,,,Y,2,0,8,2,C,-,18,,,N,H,H,A,A,H,-,A,D,0,,,,,Y,,-,"- ",1,2,5,0,0,0,0,0,0,"- ","- ",37.995281219482422,-119.14510345458984,MONO,UNINCORPORATED,-119.14511108398438,37.995281219482422
91791901,2022,2022-06-09,9820,2022-03-03,2500,021335,,4,4,9,2600,0,1,2,,1,022,US-395,"GREEN CREEK RD",1220.00,S,N,A,-,Y,MNO,,395,,,71.732,H,,R,Y,1,1,0,1,A,-,01,23152,A,N,E,I,A,A,H,-,D,D,0,,,,,Y,Y,A,07,0,0,0,0,0,0,0,0,0,"- ","- ",38.194980621337891,-119.21592712402344,MONO,UNINCORPORATED,-119.21587371826172,38.195049285888672
90545525,2017,2017-09-12,9820,2017-08-08,0927,020309,,2,1,9,2600,0,1,2,,1,051,"RT 395","OWENS RIVER ROAD",2640.00,S,N,A,-,Y,,,395,,,,,,,Y,2,0,2,1,C,-,18,,,N,E,I,A,A,H,-,A,D,0,,,,,Y,,-,"- ",1,0,1,0,0,0,0,0,0,"- ","- ",37.729500000000002,-118.9658,MONO,UNINCORPORATED,-118.96584788,37.729463719999998
90381629,2017,2017-04-03,9820,2017-01-26,1555,019766,,4,2,9,2600,0,3,5,,2,055,"INYO NATIONAL FOREST (INF) 3S13",US-395,5702.00,E,N,A,-,N,,,,,,,,,,N,2,0,2,1,A,-,08,38314,,N,E,I,A,C,H,-,A,D,0,,,,,Y,,M,96,1,0,1,0,0,0,0,0,0,"- ","- ",37.678199999999997,-118.91867999999999,MONO,UNINCORPORATED,,
7178671,2016,2016-02-16,2601,2016-01-31,1020,0051,MLPD,7,5,2,2601,0,0,0,,0,0ML,"MERIDIAN BL","MINARET RD",56.00,W,N,D,-,N,,,,,,,,,,N,2,0,2,2,A,-,03,22350,,N,C,C,A,C,A,H,A,A,0,,,,,Y,,A,07,1,0,1,0,0,0,0,0,0,"- ","- ",,,MONO,"MAMMOTH LAKES",-118.9797492,37.639792659999998
91547179,2021,2021-08-17,9820,2021-08-06,1135,016556,,5,1,9,2600,0,3,5,,2,040,"FOREST SERVICE ROAD 1S84E","GARBAGE PIT ROAD",315.00,S,N,A,-,N,,,,,,,,,,N,2,0,1,1,C,-,18,,,N,H,A,A,A,A,B,A,D,0,,,Y,,Y,,-,"- ",1,0,0,0,0,0,0,0,1,"- ","- ",37.807220458984375,-119.06500244140625,MONO,UNINCORPORATED,,
90463799,2017,2017-05-25,9820,2017-05-24,1153,019766,,3,1,9,2600,0,1,2,,1,042,"US-395 NORTHBOUND","WEST PORTAL ROAD (NORTH)",3800.00,S,N,B,G,Y,,,395,,,,,,N,N,2,0,1,1,A,-,03,22350,,N,F,A,A,A,H,-,A,D,0,,Y,,,Y,,L,04,1,0,0,0,0,0,1,0,0,"- ","- ",37.861069999999998,-119.0857,MONO,UNINCORPORATED,-119.08575906999999,37.861050220000003
91860966,2022,2022-09-09,9820,2022-09-05,1805,021692,,1,2,9,2600,0,1,2,,1,041,"US-395 NORTHBOUND","SR-158 SOUTH",5280.00,N,N,A,-,Y,MNO,,395,,R,41.354,H,,R,N,2,0,2,1,A,-,08,22107,,N,F,A,A,A,H,-,B,D,0,,,,,Y,,D,22,1,1,0,0,0,0,0,0,0,"- ","- ",37.824920654296875,-119.06346130371094,MONO,UNINCORPORATED,-119.06340789794922,37.824939727783203
92074204,2023,2023-05-22,9820,2023-05-13,1720,021692,,6,2,9,2600,0,3,5,,2,050,"ROCK CREEK RD","CROWLEY LAKE DR",7392.00,W,N,A,-,N,,,,,,,,,,N,2,0,1,1,A,-,03,22350,,N,F,A,A,A,B,-,A,D,0,,,Y,,Y,,C,02,1,0,0,0,0,0,0,0,1,"- ","- ",37.546188354492188,-118.69074249267578,MONO,UNINCORPORATED,-118.67772674560547,37.561008453369141
90550019,2017,2017-09-18,9820,2017-09-09,1512,021335,,6,2,9,2600,0,1,3,,1,014,SR-108,"LEAVITT FALLS VISTA POINT",1056.00,E,N,B,-,Y,,,108,,,,,,,Y,2,0,1,1,A,-,03,22350,,N,F,I,A,A,H,-,A,D,0,,,Y,,Y,,C,02,1,0,0,0,0,0,0,0,1,"- ","- ",38.32591,-119.55964,MONO,UNINCORPORATED,-119.55963565,38.325903140000001
91012033,2019,2019-06-18,9825,2019-06-12,1229,018925,,3,1,9,2600,0,1,2,,1,023,US-395,"GORGE RD",24816.00,N,N,A,-,Y,,,395,,,,,,,Y,2,0,1,2,A,-,03,22350,,N,C,C,A,A,H,-,A,D,0,,,,Y,Y,,A,07,1,0,0,0,0,0,0,0,0,"- ","- ",37.512191772460938,-118.586181640625,MONO,UNINCORPORATED,-118.586181640625,37.512187957763672
90863922,2018,2018-11-20,9820,2018-11-14,1655,020390,,3,2,9,2600,0,3,5,,2,015,"TOPAZ LANE",US-395,7920.00,E,N,A,-,N,,,,,,,,,,Y,2,0,1,1,A,-,08,22107,,N,E,I,A,A,H,-,B,D,0,,,,,Y,,D,22,1,0,0,0,0,0,0,0,0,"- ","- ",38.604301452636719,-119.49530029296875,MONO,UNINCORPORATED,-119.49534606933594,38.604316711425781
7006005,2015,2015-07-28,9820,2015-06-09,1012,15992,,2,1,9,2600,0,1,2,,1,021,"RT 395","TWIN LAKES RD",2640.00,N,N,B,-,Y,MNO,9,395,-,-,77.280,H,-,S,Y,1,1,3,3,A,-,08,22107,,N,A,C,A,A,H,-,A,D,0,,,,Y,Y,,A,01,2,0,1,0,0,0,0,0,0,"- ","- ",38.259839999999997,-119.25807,MONO,UNINCORPORATED,-119.23981185,38.257369410000003
91313147,2020,2020-09-28,9820,2020-09-21,0250,016150,,1,3,9,2600,0,1,2,,1,052,"US-395 N/B","SR-303 UNDERCROSSING",1056.00,N,N,B,-,Y,,,395,,,,,,N,Y,2,0,1,1,A,-,08,22107,,N,F,A,A,A,H,-,D,D,0,,,,,Y,,A,07,1,0,0,0,0,0,0,0,0,"- ","- ",37.644931793212891,-118.92198944091797,MONO,UNINCORPORATED,-118.92190551757812,37.645008087158203
92172934,2023,2023-09-18,9820,2023-09-10,1320,021692,,7,1,9,2600,0,1,3,,2,047,"SR-120 EAST","MPM 120 MNO 22.50",1056.00,W,N,B,-,Y,MNO,,120," "," ",22.368,H,,R,Y,2,0,1,1,A,-,08,22107,,N,E,J,A,B,H,-,A,D,0,,,,,Y,,A,01,1,0,0,0,0,0,0,0,0,"- ","- ",37.889430999755859,-118.96366119384766,MONO,UNINCORPORATED,-118.96369171142578,37.889373779296875
91005775,2019,2019-06-07,9820,2019-06-06,0805,019760,,4,1,9,2600,0,1,2,,1,051,"US-395 N/B","OWENS RIVER RD",4224.00,S,N,A,-,Y,,,395,,,,,,N,Y,2,0,1,1,C,-,18,,,N,F,H,A,A,H,-,A,D,0,,,Y,,Y,,-,"- ",1,0,0,0,0,0,0,0,1,"- ","- ",37.725849151611328,-118.96330261230469,MONO,UNINCORPORATED,-118.96318054199219,37.725936889648438
92394239,2024,2024-05-20,9820,2024-05-12,1747,022327,,7,2,9,2600,0,1,2,,1,052,"US 395 S/B","RT 203",452.00,S,N,A,-,Y,MNO,,395," ",R,25.689,H,,L,Y,2,0,1,1,A,-,08,22107,,N,F,A,A,A,H,-,A,D,0,,,,,Y,,A,07,1,0,0,0,0,0,0,0,0,"- ","- ",37.64044189453125,-118.91616821289062,MONO,UNINCORPORATED,-118.91602325439453,37.640602111816406
92416113,2024,2024-06-17,9825,2024-06-07,"940 ",023468,,5,1,9,2600,0,1,2,,1,010,"UNITED STATES HIGHWAY 6","SIPES RANCH RD",1056.00,N,N,A,-,N,,,,,,,,,,Y,2,0,2,1,A,-,08,22107,,N,E,J,A,A,H,-,A,D,0,,,,,Y,,-,"- ",2,0,0,0,0,0,0,0,0,"- ","- ",37.853610992431641,-118.47499847412109,MONO,UNINCORPORATED,-118.47389984130859,37.857597351074219
92186283,2023,2023-10-02,9820,2023-08-19,2240,020839,,6,3,9,2600,0,3,5,,2,050,"ROCK CREEK RD.","EAST FORK CAMPGROUND",322.00,W,N,B,-,N,,,,,,,,,,Y,2,0,1,1,A,-,01,23152,A,N,E,I,A,A,H,-,D,D,0,,,,,Y,Y,A,07,1,0,0,0,0,0,0,0,0,"- ","- ",37.492279052734375,-118.72042083740234,MONO,UNINCORPORATED,,
7198469,2016,2016-03-14,2601,2016-02-25,0725,0014,,4,5,2,2601,0,0,0,,0,0ML,"OLD MAMMOTH RD","SIERRA NEVADA RD",0.00,,Y,A,-,N,,,,,,,,,,Y,2,0,2,2,A,-,12,22450,A,N,D,C,A,A,H,-,A,A,0,,,,,Y,,-,,1,0,1,0,0,0,0,0,0,"- ","- ",,,MONO,"MAMMOTH LAKES",-118.96624009999999,37.642209940000001
91227976,2020,2020-04-24,9825,2020-03-05,1235,016119,,4,1,9,2600,0,1,2,,1,023,"RT 395","LOWER ROCK CREEK RD",1056.00,N,N,A,-,Y,,,395,,,,,,,Y,1,1,2,1,A,-,08,22107,,N,E,J,A,A,H,-,A,D,0,,,,,Y,,A,01,2,0,0,0,0,0,0,0,0,"- ","- ",37.559688568115234,-118.66368103027344,MONO,UNINCORPORATED,-118.6636962890625,37.559642791748047
6935966,2015,2016-12-19,9825,2015-05-28,0030,16119,,4,3,9,2600,0,1,2,,1,009,"RT 6","FALLS CREEK RD",23760.00,N,N,A,-,Y,MNO,9,6,-,-,21.580,H,-,S,Y,2,0,1,1,A,-,08,22107,,N,F,A,A,A,H,-,D,D,0,,,,,Y,,D,22,1,0,0,0,0,0,0,0,0,"- ","- ",37.773580000000003,-118.46272,MONO,UNINCORPORATED,-118.45762558,37.759571229999999
7064639,2015,2017-01-30,9820,2015-08-19,1145,15992,,3,1,9,2600,0,1,3,,1,044,"RT 120","SADDLEBAG LAKE RD",1584.00,E,N,A,-,Y,MNO,9,120,-,R,2.440,H,-,W,Y,2,0,3,2,A,-,05,21460,A,N,A,C,A,A,H,-,A,D,0,,,,,Y,,A,01,1,2,0,0,0,0,0,0,0,"- ","- ",37.93938,-119.24366000000001,MONO,UNINCORPORATED,-119.24392324,37.93910794
92227758,2023,2023-11-03,9820,2023-11-01,1200,019933,,3,1,9,2600,0,1,2,,1,011,"US HWY 395","MPM 395 MNO 109.00",680.00,S,N,A,-,Y,MNO,,395," "," ",108.833,H,,R,Y,2,0,2,1,A,-,08,22107,,N,E,J,A,A,H,-,A,D,0,,,,Y,Y,,F,27,1,1,0,0,0,0,0,0,0,"- ","- ",38.531101226806641,-119.49015808105469,MONO,UNINCORPORATED,-119.49006652832031,38.531147003173828
91685549,2021,2022-01-26,9820,2021-12-05,0740,016944,,7,1,9,2600,0,1,2,,1,022,"US-395 S/B","MILL CREEK POWERHOUSE ROAD",2619.00,N,N,A,-,Y,,,395,,,,,,S,Y,1,2,1,2,A,-,01,23152,A,N,A,C,A,A,H,-,A,D,0,,,,,Y,Y,A,01,1,0,0,0,0,0,0,0,0,"- ","- ",38.056640625,-119.166259765625,MONO,UNINCORPORATED,-119.16623687744141,38.056648254394531
90261527,2016,2016-09-14,9820,2016-08-30,0810,020309,,2,1,9,2600,0,1,2,,1,041,"RT 395","PICNIC GROUNDS ROAD",3696.00,N,N,A,-,Y,,,395,,,,,,,Y,2,0,3,4,A,-,03,22350,,N,C,C,A,A,H,-,A,A,0,,,,,Y,,A,07,1,1,1,0,0,0,0,0,0,"- ","- ",37.987099999999998,-119.14018,MONO,UNINCORPORATED,-119.14012543,37.987128079999998
6468306,2014,2016-03-29,9820,2014-04-18,1315,17567,,5,1,9,2600,0,1,3,,1,023,"RT 182","CALIFORNIA/NEVADA BORDER",21648.00,S,N,B,-,Y,MNO,9,182,-,-,8.550,H,-,S,Y,2,0,1,2,A,-,08,22107,,N,B,C,A,A,H,-,A,A,0,,,Y,,Y,,C,02,1,0,0,0,0,0,0,0,1,"- ","- ",,,MONO,UNINCORPORATED,-119.19587002,38.370590319999998
6869629,2015,2016-09-13,9820,2015-03-30,1400,018227,,1,2,9,2600,0,1,3,,1,023,"RT 182","E WALKER RV",500.00,S,N,A,-,Y,MNO,9,182,-,R,6.110,H,-,N,Y,2,0,1,1,C,-,18,,,N,H,H,A,A,H,-,A,D,0,,,Y,,Y,,-,"- ",1,0,0,0,0,0,0,0,1,"- ","- ",,,MONO,UNINCORPORATED,-119.20798837,38.340955919999999
90541708,2017,2017-09-06,9825,2017-09-01,1315,015522,,5,1,9,2600,0,3,5,,2,030,"WHITE MOUNTAIN RD","WYMAN CANYON ROAD",2640.00,N,N,A,-,N,,,,,,,,,,Y,2,0,1,1,A,-,03,22350,,N,E,I,A,A,H,-,A,D,0,,,Y,,Y,,C,02,1,0,0,0,0,0,0,0,1,"- ","- ",37.506880000000002,-118.20311,MONO,UNINCORPORATED,-118.19379777,37.46369103
90774864,2018,2018-07-23,9820,2018-07-21,1830,018230,,6,2,9,2600,0,3,5,,2,020,"BUCKEYE ROAD","TWIN LAKES ROAD",8976.00,N,N,B,C,N,,,,,,,,,,N,2,0,1,1,A,-,03,22350,,N,F,A,A,D,H,-,A,D,0,,,,,Y,Y,D,22,1,0,0,0,0,0,0,0,0,"- ","- ",38.23065185546875,-119.32138061523438,MONO,UNINCORPORATED,-119.32112121582031,38.230384826660156
91440272,2020,2021-03-31,9820,2020-07-25,2043,022327,,6,2,9,2600,0,3,5,,2,055,"BENTON CROSSING ROAD","PIT RD",1584.00,W,N,A,-,N,,,,,,,,,,Y,1,1,5,2,A,-,01,23152,G,N,D,C,A,A,H,-,B,A,0,,,,,Y,,D,22,5,0,0,0,0,0,0,0,0,"- ","- ",37.401199340820312,-118.46520233154297,MONO,UNINCORPORATED,-118.78083038330078,37.671154022216797
91683580,2022,2022-01-24,9825,2022-01-19,1800,019814,,3,2,9,2600,0,3,5,,2,030,"LOWER ROCK CREEK ROAD","BOUNDARY ROAD",5280.00,N,N,A,-,N,,,,,,,,,,Y,2,0,1,1,A,-,08,22107,,N,E,J,A,A,H,-,D,D,0,,,,,Y,,A,01,1,0,0,0,0,0,0,0,0,"- ","- ",37.472900390625,-118.59912109375,MONO,UNINCORPORATED,,
6435454,2014,2014-06-11,9820,2014-01-16,2315,020486,,4,3,9,2600,0,3,5,,2,055,"BENTON CROSSING RD","LAYTON SPRINGS RD",3696.00,E,N,A,-,N,,,,,,,,,,N,2,0,1,1,A,-,08,22107,,N,E,I,A,A,H,-,D,D,0,,,,,Y,,A,08,1,0,0,0,0,0,0,0,0,"- ","- ",37.64396,-118.70943,MONO,UNINCORPORATED,-118.71039577000001,37.643597079999999
9547058,2022,2023-02-28,2601,2022-07-18,1325,0038,MLPD,1,5,2,2601,0,0,0,,0,0ML,"MINARET RD","FOREST TRAIL",36.00,N,N,B,-,N,,,,,,,,,,Y,2,0,4,3,A,-,12,22450,A,N,D,C,A,A,H,-,A,A,0,,,,,Y,,A,08,1,0,3,0,0,0,0,0,0,"- ","- ",37.652118682861328,-118.98497009277344,MONO,"MAMMOTH LAKES",-118.98501586914062,37.652210235595703
91052011,2019,2019-08-14,9820,2019-08-05,2240,020309,,1,3,9,2600,0,1,2,,1,022,US-395,SR-270,1320.00,N,N,A,-,Y,,,,,,,,,,Y,2,0,1,1,A,-,01,23152,A,N,E,I,A,A,H,-,D,D,0,,,,Y,Y,Y,G,25,1,0,0,0,0,0,0,0,0,"- ","- ",,,MONO,UNINCORPORATED,,
91272909,2020,2020-07-22,9820,2020-07-18,1300,015992,,6,1,9,2600,0,1,2,,1,012,US-395,"EAST SIDE LANE",12672.00,S,N,B,-,Y,,,395,,,,,,,Y,2,0,1,1,A,-,08,22107,,N,F,I,A,A,H,-,A,D,0,,,Y,,Y,,C,02,1,0,0,0,0,0,0,0,1,"- ","- ",38.486129760742188,-119.45761108398438,MONO,UNINCORPORATED,-119.4576416015625,38.486156463623047
91373435,2020,2020-12-22,9820,2020-12-13,1654,021208,,7,2,9,2600,0,1,2,,1,052,"SB US 395 / CONVICT LAKE RD.","CONVICT LAKE RD",4224.00,N,N,D,G,Y,,,,,,,,,,Y,2,0,4,2,A,-,01,23153,A,N,C,C,A,C,H,-,B,A,0,,,,,Y,Y,M,47,1,3,0,0,0,0,0,0,0,"- ","- ",37.626110076904297,-118.85240173339844,MONO,UNINCORPORATED,,
91588288,2021,2021-10-05,9730,2021-09-26,2040,021477,,7,2,9,2600,0,3,5,,2,007,"BENSON ROAD",AXTELL,200.00,N,N,A,-,N,,,,,,,,,,N,2,0,2,2,A,-,08,22107,,N,B,E,A,A,H,-,C,D,0,,,,,Y,,M,96,2,0,0,0,0,0,0,0,0,"- ","- ",36.766090393066406,-121.74855041503906,MONO,UNINCORPORATED,,
94176531,2024,2024-08-13,9825,2024-04-12,"140 ",023376,,5,3,9,2600,0,1,2,,1,009,"US-6 S/B","FALLS CREEK ROAD",19008.00,N,N,A,-,Y,MNO,,6," "," ",20.529,H,,L,Y,1,2,3,1,A,-,08,22107,,N,F,A,A,A,H,-,D,D,0,,,,,Y,,A,07,1,2,0,0,0,0,0,0,0,"- ","- ",37.746700286865234,-118.45040893554688,MONO,UNINCORPORATED,-118.45033264160156,37.746730804443359
94414589,2024,2024-10-01,9820,2024-09-29,1009,018925,,7,1,9,2600,0,1,2,,1,042,US-395,"GLASS CREEK RD",1056.00,S,N,A,-,Y,MNO,,395," "," ",33.935,H,,L,Y,2,0,2,1,A,-,08,22107,,N,E,8,A,A,H,-,A,D,0,,,Y,,Y,,C,02,1,1,0,0,0,0,0,0,2,"- ","- ",37.749668121337891,-118.98317718505859,MONO,UNINCORPORATED,-118.98316955566406,37.749675750732422
6592273,2014,2016-04-28,9820,2014-07-27,1100,014841,,7,1,9,2600,0,1,2,,1,012,"RT 395","RT 108",4752.00,S,N,B,-,Y,MNO,9,395,-,-,94.600,H,-,N,Y,2,0,1,1,C,-,18,,,N,H,H,A,A,H,-,A,D,0,,,Y,,Y,,-,"- ",1,0,0,0,0,0,0,0,1,"- ","- ",,,MONO,UNINCORPORATED,-119.44354779,38.359557359999997
6917227,2015,2016-12-19,9820,2015-05-12,1030,019763,,2,1,9,2600,0,1,3,,2,043,"RT 167","COTTONWOOD CANYON RD",15840.00,E,N,A,-,Y,MNO,9,167,-,-,9.900,H,-,E,Y,2,0,1,2,A,-,03,22350,,N,C,C,A,A,H,-,A,D,0,,,Y,,Y,,C,02,1,0,0,0,0,0,0,0,1,"- ","- ",38.097839999999998,-118.99156000000001,MONO,UNINCORPORATED,-118.99161694,38.097826339999997
91819709,2022,2022-07-18,9825,2022-07-07,2100,022905,,4,2,9,2600,0,1,2,,1,009,US-6,SR-120,239.00,N,N,A,-,Y,MNO,,6,,,25.766,H,,R,N,2,0,1,1,A,-,17,21200,,N,F,A,A,A,H,-,C,D,0,,Y,,,Y,Y,L,04,1,0,0,0,0,0,1,0,0,"- ","- ",37.81903076171875,-118.47724914550781,MONO,UNINCORPORATED,-118.47711944580078,37.819042205810547
91888360,2022,2022-10-12,9820,2022-10-03,1800,021335,,1,2,9,2600,0,3,5,,2,050,"PEARSON RD","HIDDEN CANYON CT",100.00,E,N,A,-,N,,,,,,,,,,N,2,0,1,1,A,-,03,22350,,N,F,A,A,A,H,-,B,D,0,,,Y,,Y,,C,02,1,0,0,0,0,0,0,0,1,"- ","- ",37.565391540527344,-118.73538208007812,MONO,UNINCORPORATED,-118.73552703857422,37.565589904785156
94439416,2024,2024-10-21,9820,2024-10-17,1222,021335,,4,1,9,2600,0,1,S,,2,904,SR-120,"FOOTHILL ROAD",404.00,W,N,B,-,Y,MNO,,120," "," ",56.838,H,,R,Y,2,0,1,1,A,-,08,22107,,N,F,A,A,A,H,-,A,D,0,,,,,Y,,A,07,1,0,0,0,0,0,0,0,0,"- ","- ",37.821498870849609,-118.51376342773438,MONO,UNINCORPORATED,-118.51371002197266,37.821479797363281
8481739,2017,2018-05-09,2601,2017-09-11,0930,0066,MLPD,1,5,2,2601,0,0,0,,0,4413,"MINARET RD","EARTHQUAKE FAULT ACCESS RD",403.00,E,N,A,-,Y,MNO,9,203,-,R,3.170,H,-,W,N,2,0,1,2,A,-,03,22350,,N,H,C,A,A,H,-,A,D,0,,,Y,,Y,,C,02,1,0,0,0,0,0,0,0,1,"- ","- ",,,MONO,"MAMMOTH LAKES",-118.99781047,37.650055989999998
91032790,2019,2019-07-17,9820,2019-07-07,1820,021692,,7,2,9,2600,0,3,5,,2,040,"USFS ROAD 2S103","USFS ROAD 2S103A",570.00,N,N,B,-,N,,,,,,,,,,N,2,0,1,2,A,-,03,38305,,N,A,C,A,A,E,-,B,D,0,,,Y,,Y,Y,-,"- ",1,0,0,0,0,0,0,0,1,"- ","- ",37.801059722900391,-119.04345703125,MONO,UNINCORPORATED,,
91889706,2022,2022-10-13,9820,2022-10-06,1730,019627,,4,2,9,2600,0,1,2,,1,022,US-395,SR-270,1320.00,N,N,A,-,Y,MNO,,395,,,70.030,H,,R,Y,2,0,1,1,A,-,08,22107,,N,F,0,A,A,H,-,A,D,0,,,Y,,Y,Y,C,02,1,0,0,0,0,0,0,0,1,"- ","- ",38.177848815917969,-119.19541931152344,MONO,UNINCORPORATED,-119.19535827636719,38.177879333496094
90961068,2019,2019-06-19,9825,2019-03-29,1035,014450,,5,1,9,2600,0,1,2,,1,009,"RT 6","CHALFANT ROAD",41.00,S,N,A,-,Y,,,,,,,,,,Y,1,1,0,2,A,-,08,22107,,N,D,G,A,A,H,-,A,D,0,,Y,,,Y,,L,04,0,0,0,0,0,1,0,0,0,"- ","- ",37.316749572753906,-118.22106170654297,MONO,UNINCORPORATED,-118.36854553222656,37.527999877929688
6718325,2015,2015-03-16,9820,2015-01-08,1727,17567,,4,2,9,2600,0,3,5,,2,020,"TWIN LAKES RD","RT 395",16368.00,W,N,A,-,N,,,,,,,,,,Y,1,1,0,1,A,-,01,23152,A,N,F,A,A,A,H,-,B,A,0,,,,,Y,Y,A,08,0,0,0,0,0,0,0,0,0,"- ","- ",38.224939999999997,-119.25124,MONO,UNINCORPORATED,-119.25216435999999,38.224723910000002
92117394,2023,2023-07-14,9820,2023-07-10,1719,021208,,1,2,9,2600,0,1,3,,2,047,"SR 120 EAST","DROSS RD",1584.00,W,N,A,-,Y,MNO,,120," "," ",15.238,H,,R,N,2,0,1,1,C,-,18,,,N,F,A,A,A,H,-,A,D,0,,,Y,,Y,,-,"- ",1,0,0,0,0,0,0,0,1,"- ","- ",37.902439117431641,-119.06352233886719,MONO,UNINCORPORATED,-119.0635986328125,37.902515411376953
90022452,2015,2015-10-19,9820,2015-09-13,2305,020390,,7,3,9,2600,0,1,2,,1,041,"US-395 NORTHBOUND","OIL PLANT RD.",528.00,N,N,B,-,Y,,,395,,,,,,N,Y,2,0,1,1,A,-,01,23152,A,N,F,I,A,A,H,-,D,D,0,,,,,Y,Y,A,01,1,0,0,0,0,0,0,0,0,"- ","- ",37.919519999999999,-119.09681,MONO,UNINCORPORATED,-119.09707023,37.919468430000002