CASE_ID,ACCIDENT_YEAR,PROC_DATE,JURIS,COLLISION_DATE,COLLISION_TIME,OFFICER_ID,REPORTING_DISTRICT,DAY_OF_WEEK,CHP_SHIFT,POPULATION,CNTY_CITY_LOC,SPECIAL_COND,BEAT_TYPE,CHP_BEAT_TYPE,CITY_DIVISION_LAPD,CHP_BEAT_CLASS,BEAT_NUMBER,PRIMARY_RD,SECONDARY_RD,DISTANCE,DIRECTION,INTERSECTION,WEATHER_1,WEATHER_2,STATE_HWY_IND,CALTRANS_COUNTY,CALTRANS_DISTRICT,STATE_ROUTE,ROUTE_SUFFIX,POSTMILE_PREFIX,POSTMILE,LOCATION_TYPE,RAMP_INTERSECTION,SIDE_OF_HWY,TOW_AWAY,COLLISION_SEVERITY,NUMBER_KILLED,NUMBER_INJURED,PARTY_COUNT,PRIMARY_COLL_FACTOR,PCF_CODE_OF_VIOL,PCF_VIOL_CATEGORY,PCF_VIOLATION,PCF_VIOL_SUBSECTION,HIT_AND_RUN,TYPE_OF_COLLISION,MVIW,PED_ACTION,ROAD_SURFACE,ROAD_COND_1,ROAD_COND_2,LIGHTING,CONTROL_DEVICE,CHP_ROAD_TYPE,PEDESTRIAN_ACCIDENT,BICYCLE_ACCIDENT,MOTORCYCLE_ACCIDENT,TRUCK_ACCIDENT,NOT_PRIVATE_PROPERTY,ALCOHOL_INVOLVED,STWD_VEHTYPE_AT_FAULT,CHP_VEHTYPE_AT_FAULT,COUNT_SEVERE_INJ,COUNT_VISIBLE_INJ,COUNT_COMPLAINT_PAIN,COUNT_PED_KILLED,COUNT_PED_INJURED,COUNT_BICYCLIST_KILLED,COUNT_BICYCLIST_INJURED,COUNT_MC_KILLED,COUNT_MC_INJURED,PRIMARY_RAMP,SECONDARY_RAMP,LATITUDE,LONGITUDE,COUNTY,CITY,POINT_X,POINT_Y
90029406,2015,2015-10-19,9825,2015-10-11,0835,018960,,7,1,9,2600,0,1,2,,1,023,US-395,"LOWER ROCK CREEK RD.",5808.00,S,N,A,-,Y,,,395,,,,,,,Y,2,0,1,1,A,-,08,22107,,N,F,I,A,A,H,-,A,D,0,,,Y,,Y,,C,02,1,0,0,0,0,0,0,0,1,"- ","- ",37.551389999999998,-118.64129,MONO,UNINCORPORATED,-118.64132023000001,37.551342380000001
91192472,2020,2020-02-24,9820,2020-01-16,1738,019933,,4,2,9,2600,0,1,2,,1,021,"RT 395","SWAUGER CREEK",3168.00,S,N,D,-,Y,,,395,,,,,,,Y,1,1,1,2,A,-,03,22350,,N,A,C,A,C,H,-,D,A,0,,,,,Y,,A,01,0,1,0,0,0,0,0,0,0,"- ","- ",38.347190856933594,-119.33265686035156,MONO,UNINCORPORATED,-119.33266448974609,38.347156524658203
6592253,2014,2016-04-28,9820,2014-07-14,0945,018227,,1,1,9,2600,0,1,2,,1,041,"RT 395","PICNIC GROUNDS RD",200.00,N,N,A,-,Y,MNO,9,395,-,-,53.120,H,-,N,N,2,0,1,1,A,-,08,22107,,N,H,A,A,A,H,-,A,D,0,,Y,,,Y,,L,04,1,0,0,0,0,0,1,0,0,"- ","- ",37.977460000000001,-119.13603999999999,MONO,UNINCORPORATED,-119.13604436999999,37.977333000000002
90218478,2016,2016-07-07,9820,2016-07-02,1300,015992,,6,1,9,2600,0,3,5,,2,025,"BODIE MASONIC RD","COUNTY RD 270 BYPASS",17424.00,W,N,B,-,N,,,,,,,,,,N,2,0,1,1,A,-,03,22350,,N,E,J,A,A,H,-,A,D,0,,,Y,,Y,,C,06,1,0,0,0,0,0,0,0,1,"- ","- ",38.239870000000003,-119.05976,MONO,UNINCORPORATED,-119.05768365,38.239430800000001
91137700,2019,2019-12-11,9820,2019-10-03,1147,016556,,4,1,9,2600,0,1,2,,1,041,"US 395 N/B 51500 BLOCK","1ST STREET",40.00,S,N,A,-,Y,,,,,,,,,,Y,1,1,6,9,A,-,08,22107,,N,G,B,F,A,H,-,A,D,0,Y,,,,Y,Y,D,22,4,2,0,1,6,0,0,0,0,"- ","- ",37.958381652832031,-119.12026977539062,MONO,UNINCORPORATED,-119.12055206298828,37.958423614501953
92068240,2023,2023-05-19,9820,2023-04-30,"453 ",021336,,7,3,9,2600,0,1,2,,1,021,"US HIGHWAY 395","BURCHAM FLAT RD",1584.00,S,N,A,-,Y,MNO,,395," "," ",91.340,H,,R,Y,2,0,1,1,A,-,03,22350,,N,E,I,A,A,H,-,D,D,0,,,,,Y,,A,01,1,0,0,0,0,0,0,0,0,"- ","- ",38.355411529541016,-119.42124176025391,MONO,UNINCORPORATED,-119.42123413085938,38.355266571044922
91120634,2019,2019-12-11,9820,2019-11-01,1930,019933,,5,2,9,2600,0,3,5,,2,015,"BURCHAM FLAT RD.","CAMP ANTELOPE RD.",52800.00,S,N,A,-,N,,,,,,,,,,N,2,0,1,1,A,-,08,22107,,N,F,A,A,A,G,-,D,D,0,,,Y,,Y,,C,06,1,0,0,0,0,0,0,0,1,"- ","- ",38.455059051513672,-119.44940185546875,MONO,UNINCORPORATED,-119.41867065429688,38.410236358642578
6854735,2015,2017-04-04,9820,2015-06-02,2500,14841,,2,4,9,2600,0,1,3,,1,013,"RT 89","RT 395",34848.00,N,N,F,-,Y,MNO,9,89,-,-,6.600,H,-,S,Y,1,1,0,1,A,-,08,22107,,N,E,I,A,A,G,-,A,D,0,,,,,Y,Y,A,01,0,0,0,0,0,0,0,0,0,"- ","- ",38.667389999999997,-119.58561,MONO,UNINCORPORATED,-119.58542161,38.667736310000002
90720828,2017,2018-05-07,9820,2017-10-19,1343,019766,,4,1,9,2600,0,1,2,,1,051,"US-395 SOUTHBOUND",SR-203,12144.00,N,N,A,-,Y,,,395,,,,,,S,Y,1,1,0,1,A,-,01,23152,A,N,E,I,A,A,H,-,A,D,0,,,,,Y,Y,D,22,0,0,0,0,0,0,0,0,0,"- ","- ",37.670569999999998,-118.93697,MONO,UNINCORPORATED,-118.93678842,37.670644279999998
90874173,2018,2018-12-03,9820,2018-11-27,0159,016150,,2,3,2,2601,0,3,5,,2,050,"MERIDIAN BLVD","SR-203 E/B",112.00,S,N,A,-,Y,,,,,,,,,,Y,2,0,1,1,A,-,01,23152,A,N,E,I,A,A,H,-,C,D,0,,,,,Y,Y,A,07,1,0,0,0,0,0,0,0,0,"- ","- ",37.642971038818359,-118.94635772705078,MONO,"MAMMOTH LAKES",,
90363731,2017,2017-01-09,9820,2017-01-04,2340,020926,,3,3,9,2600,0,1,2,,1,051,"US-395 N/B",SR-203,2112.00,N,N,D,-,Y,,,395,,,,,,N,Y,2,0,2,2,A,-,01,23152,E,N,C,C,A,C,H,-,D,D,0,,,,,Y,,A,01,2,0,0,0,0,0,0,0,0,"- ","- ",37.65652,-118.92486,MONO,UNINCORPORATED,-118.92487321,37.656513240000002
91277312,2020,2020-07-30,9825,2020-07-22,0645,021400,,3,1,9,2600,0,1,2,,1,023,"US-395 SOUTHBOUND","CROSS OVER BELOW SAND SHED",3168.00,S,N,A,-,Y,,,395,,,,,,S,Y,2,0,2,2,A,-,03,22350,,N,C,C,A,A,H,-,A,D,0,,,,Y,Y,,G,25,1,0,1,0,0,0,0,0,0,"- ","- ",37.488761901855469,-118.58247375488281,MONO,UNINCORPORATED,-118.58247375488281,37.488758087158203
91517023,2021,2021-07-09,9820,2021-07-04,2500,021336,,7,4,9,2600,0,1,3,,1,014,SR-108,"US HIGHWAY 395",7920.00,W,N,F,-,Y,,,108,,,,,,,Y,2,0,1,1,A,-,08,22107,,N,F,A,A,A,G,H,D,D,0,,,,,Y,,A,07,1,0,0,0,0,0,0,0,0,"- ","- ",38.365951538085938,-119.48423004150391,MONO,UNINCORPORATED,-119.48423004150391,38.365936279296875
94503819,2024,2024-12-13,9820,2024-11-15,1634,019933,,5,2,9,2600,0,1,2,,1,022,"RT 395","LITTLE VIRGINIA LAKES RD",4224.00,S,N,D,-,Y,MNO,,395," "," ",62.762,H,,R,Y,1,1,1,1,A,-,03,22350,,N,F,A,A,C,H,-,D,D,0,,,,,Y,,D,22,1,0,0,0,0,0,0,0,0,"- ","- ",38.077449798583984,-119.17858123779297,MONO,UNINCORPORATED,-119.17855834960938,38.077449798583984
92008347,2023,2023-03-02,9825,2023-02-17,"948 ",023021,,5,1,9,2600,0,1,2,,1,009,US-6,"COTTONWOOD CANYON RANCH RD",0.28,S,N,A,-,Y,,,,,,,,,,Y,2,0,1,1,A,-,08,22107,,N,F,0,A,A,H,-,A,D,0,,,,,Y,,A,07,1,0,0,0,0,0,0,0,0,"- ","- ",37.638401031494141,-118.39878082275391,MONO,UNINCORPORATED,-118.39837646484375,37.642539978027344
7016539,2015,2017-01-31,9820,2015-07-08,0835,15992,,3,1,9,2600,0,1,2,,1,012,"RT 395","EAST SIDE LN",13200.00,S,N,B,-,Y,MNO,9,395,-,-,104.000,H,-,S,Y,2,0,4,2,A,-,05,21460,A,N,A,C,A,A,H,-,A,D,0,,,,,Y,,D,22,2,2,0,0,0,0,0,0,0,"- ","- ",38.485289999999999,-119.45001999999999,MONO,UNINCORPORATED,-119.45674663,38.48732021
92165884,2023,2023-09-08,9820,2023-09-01,1840,022327,,5,2,9,2600,0,3,5,,2,050,"DEADMAN CREEK RD","RT 395",3696.00,W,N,B,-,N,,,,,,,,,,N,2,0,1,1,A,-,03,38305,,N,F,A,A,A,H,-,B,D,0,,,,,Y,,M,96,1,0,0,0,0,0,0,0,0,"- ","- ",37.739749908447266,-118.989990234375,MONO,UNINCORPORATED,,
90510202,2017,2017-07-27,9820,2017-07-21,1300,018674,,5,1,9,2600,0,1,2,,1,011,"US HIGHWAY 395","115777 US HIGHWAY 395",503.00,N,N,A,-,Y,,,,,,,,,,Y,2,0,4,2,C,-,18,,,N,C,C,A,A,D,-,A,A,0,,,,,Y,,-,"- ",1,0,3,0,0,0,0,0,0,"- ","- ",38.3735,-119.3125,MONO,UNINCORPORATED,,
90775297,2018,2018-07-24,9820,2018-03-30,1716,020390,,5,2,9,2600,0,1,2,,1,022,US-395,"GREEN CREEK RD",528.00,N,N,A,-,Y,,,395,,,,,,,Y,1,4,0,2,A,-,08,22107,,N,A,C,A,A,H,-,A,D,0,,,,,Y,,A,01,0,0,0,0,0,0,0,0,0,"- ","- ",38.198478698730469,-119.22064971923828,MONO,UNINCORPORATED,-119.22067260742188,38.198463439941406
90973255,2019,2019-04-25,9820,2019-03-27,2500,017711,,3,4,9,2600,0,1,2,,1,022,"US-395 SOUTHBOUND","VIRGINIA LAKES ROAD",6864.00,S,N,B,G,Y,,,395,,,,,,S,Y,1,2,0,1,A,-,08,22107,,N,E,I,A,A,H,-,D,D,0,,,,,Y,,A,01,0,0,0,0,0,0,0,0,0,"- ","- ",38.077308654785156,-119.17051696777344,MONO,UNINCORPORATED,-119.17057037353516,38.07733154296875
92443795,2024,2024-07-19,9825,2024-07-14,1010,023468,,7,1,9,2600,0,1,2,,1,009,SR-120,"CLARK RANCH RD",0.00,,Y,A,-,Y,MNO,,120," "," ",57.977,H,,R,N,2,0,2,2,A,-,09,21804,A,N,D,C,A,A,H,-,A,D,0,,,,,Y,,A,01,1,1,0,0,0,0,0,0,0,"- ","- ",37.819988250732422,-118.49517059326172,MONO,UNINCORPORATED,-118.49517059326172,37.819984436035156
90399083,2017,2017-02-23,9820,2017-02-21,0730,020309,,2,1,9,2600,0,1,3,,2,054,SR-203,"US-395 S/B",2112.00,W,N,B,-,Y,,,203,,,,,,,Y,2,0,1,2,A,-,03,22350,,N,D,C,A,C,H,-,A,A,0,,,,Y,Y,,A,07,1,0,0,0,0,0,0,0,0,"- ","- ",37.639920000000004,-118.92357,MONO,UNINCORPORATED,-118.92355750999999,37.639829630000001
92191936,2023,2023-10-05,9820,2023-10-04,2030,019933,,3,2,9,2600,0,1,2,,1,042,"US HWY 395","395 MNO 43.00",338.00,S,N,A,-,Y,MNO,,395," ",R,42.965,H,,R,Y,2,0,2,1,C,-,18,,,N,H,H,A,A,H,-,D,D,0,,,,,Y,,-,"- ",1,1,0,0,0,0,0,0,0,"- ","- ",37.845878601074219,-119.07534027099609,MONO,UNINCORPORATED,-119.07539367675781,37.845848083496094
91136098,2019,2019-12-10,9825,2019-11-27,1450,017565,,3,2,9,2600,0,1,2,,1,023,"RT 395","LOWER ROCK CREEK ROAD",7392.00,S,N,D,-,Y,,,,,,,,,,Y,2,0,2,2,A,-,03,22350,,N,A,C,A,C,B,E,A,A,0,,,,,Y,,A,01,1,1,0,0,0,0,0,0,0,"- ","- ",37.325199127197266,-118.38210296630859,MONO,UNINCORPORATED,-118.63932037353516,37.548660278320312
91488636,2021,2021-06-03,9820,2021-05-28,1605,021335,,5,2,9,2600,0,1,3,,1,044,SR-120,"SADDLEBAG LAKE ROAD",332.00,W,N,A,-,Y,,,120,,,,,,,Y,2,0,1,1,A,-,01,23152,A,N,E,8,A,A,H,-,A,D,0,,,,,Y,Y,A,01,1,0,0,0,0,0,0,0,0,"- ","- ",37.938030242919922,-119.24913787841797,MONO,UNINCORPORATED,-119.24909973144531,37.937976837158203
94019425,2024,2024-08-09,9820,2024-08-02,1150,021435,,5,1,9,2600,0,1,2,,1,042,US-395,"SR-158 SOUTH",0.00,,Y,B,-,Y,MNO,,395," "," ",40.335,H,,R,Y,2,0,8,2,A,-,09,21801,A,N,D,C,A,A,H,-,A,D,0,,,,,Y,,D,22,7,1,0,0,0,0,0,0,0,"- ","- ",37.812690734863281,-119.05352783203125,MONO,UNINCORPORATED,-119.05348205566406,37.812725067138672
91797536,2022,2022-06-17,9820,2022-06-11,1045,022327,,6,1,9,2600,0,3,5,,2,055,"OWENS RIVER RD","BENTON CROSSING RD",1637.00,N,N,A,-,N,,,,,,,,,,N,2,0,1,1,A,-,03,38305,,N,F,I,A,A,H,-,A,D,0,,,Y,,Y,,C,02,1,0,0,0,0,0,0,0,1,"- ","- ",37.689910888671875,-118.77571105957031,MONO,UNINCORPORATED,-118.77510070800781,37.689460754394531
6500504,2014,2016-03-29,9820,2014-05-18,0727,019766,,7,1,9,2600,0,1,2,,1,051,"RT 395","RT 203",4224.00,N,N,A,-,Y,MNO,9,395,-,R,26.600,H,-,S,Y,2,0,2,1,A,-,08,22107,,N,F,A,A,A,H,-,A,D,0,,,,,Y,,A,01,1,1,0,0,0,0,0,0,0,"- ","- ",37.65099,-118.92455,MONO,UNINCORPORATED,-118.92426326,37.648071559999998
6663557,2014,2016-04-28,9820,2014-09-10,0648,018674,,3,1,9,2600,0,1,2,,1,012,"RT 395","RT 108",10032.00,N,N,A,-,Y,MNO,9,395,-,-,95.600,H,-,N,Y,2,0,1,1,C,-,18,,,N,H,H,A,A,H,-,B,A,0,,,Y,,Y,,-,"- ",1,0,0,0,0,0,0,0,1,"- ","- ",38.375839999999997,-119.44880999999999,MONO,UNINCORPORATED,-119.44704563000001,38.373562010000001
7056097,2015,2017-01-30,2601,2015-09-16,1216,0052,4448,3,5,2,2601,0,0,0,,0,MLPD,"RT 203","3S89 RD",24.00,E,N,A,B,Y,MNO,9,203,-,R,2.400,H,-,W,N,2,0,1,1,A,-,05,21650,,N,E,I,A,A,H,-,A,D,0,,,,,Y,,A,01,1,0,0,0,0,0,0,0,0,"- ","- ",,,MONO,"MAMMOTH LAKES",-119.01009946000001,37.650679539999999
90429036,2017,2017-04-06,9820,2017-04-01,0405,019766,,6,3,9,2600,0,1,2,,1,042,"US-395 NORTHBOUND","SR-158 (SOUTH JUNCTION)",7823.00,N,N,A,-,Y,,,395,,,,,,N,Y,2,0,6,1,A,-,08,22107,,N,E,I,A,A,H,-,D,D,0,,,,,Y,,A,08,2,2,2,0,0,0,0,0,0,"- ","- ",37.831060000000001,-119.06809,MONO,UNINCORPORATED,-119.0681484,37.831020760000001
91071747,2019,2019-09-11,9820,2019-06-30,1530,019627,,7,2,9,2600,0,1,2,,1,011,US-395,"MILL CANYON RD",2640.00,S,N,A,-,Y,,,395,,,,,,,Y,1,3,5,2,A,-,05,21460,A,N,A,C,A,A,H,-,A,D,0,,,,,Y,Y,A,07,5,0,0,0,0,0,0,0,0,"- ","- ",38.528839111328125,-119.48829650878906,MONO,UNINCORPORATED,-119.48834228515625,38.528820037841797
91723508,2022,2022-03-15,9820,2022-03-14,1108,020934,,1,1,9,2600,0,3,5,,2,050,"DRY CREEK ROAD SPUR","MAMMOTH SCENIC LOOP",5280.00,W,N,A,-,N,,,,,,,,,,N,2,0,1,1,A,-,03,38305,,N,E,I,A,C,H,-,A,D,0,,,Y,,Y,,-,"- ",1,0,0,0,0,0,0,0,1,"- ","- ",37.6810302734375,-119.00415802001953,MONO,UNINCORPORATED,-118.99705505371094,37.696941375732422
6561456,2014,2014-08-06,9820,2014-06-04,1910,20486,,3,2,9,2600,0,3,5,,2,040,"UNNAMED DIRT GRAVEL RD","KNOLL AV",77.00,W,N,A,-,N,,,,,,,,,,N,2,0,1,1,B,-,22,,,N,H,A,A,A,G,-,A,D,0,,Y,,,Y,,L,04,1,0,0,0,0,0,1,0,0,"- ","- ",37.780659999999997,-119.0784,MONO,UNINCORPORATED,,
90401895,2017,2017-03-06,9825,2017-02-23,0820,017035,,4,1,9,2600,0,1,2,,1,023,US-395,"LOWER ROCK CREEK RD",423.00,S,N,A,-,Y,,,395,,,,,,,Y,2,0,3,2,A,-,03,22350,,N,D,C,A,C,G,H,A,D,0,,,,,Y,,A,01,2,0,1,0,0,0,0,0,0,"- ","- ",37.557870000000001,-118.65693,MONO,UNINCORPORATED,-118.65692605,37.557847529999997
90875884,2018,2018-12-05,9820,2018-12-01,0500,018230,,6,3,9,2600,0,1,2,,1,022,US-395,SR-270,17424.00,S,N,B,-,Y,,,395,,,,,,,Y,2,0,2,1,A,-,08,22107,,N,F,A,A,A,H,-,D,D,0,,,,,Y,,A,01,1,1,0,0,0,0,0,0,0,"- ","- ",38.128520965576172,-119.18267059326172,MONO,UNINCORPORATED,-119.18247985839844,38.128505706787109
92432665,2024,2024-07-08,9820,2024-06-28,"828 ",021335,,5,1,9,2600,0,3,5,,2,050,"MAMMOTH SCENIC LOOP","DRY CREEK ROAD SPUR",2112.00,E,N,A,-,N,,,,,,,,,,N,2,0,1,1,C,-,18,,,N,H,H,A,A,H,-,A,D,0,,Y,,,Y,,-,"- ",1,0,0,0,0,0,1,0,0,"- ","- ",37.686008453369141,-118.99027252197266,MONO,UNINCORPORATED,-118.97842407226562,37.697509765625
90941989,2019,2019-03-07,9820,2019-02-27,1403,020926,,3,2,9,2600,0,1,2,,1,052,"US-395 S/B","SHERWIN CREEK RD",3696.00,S,N,A,G,Y,,,395,,,,,,S,Y,2,0,3,2,A,-,03,22350,,N,C,C,A,C,H,-,A,A,0,,,,,Y,,A,07,2,1,0,0,0,0,0,0,0,"- ","- ",37.635650634765625,-118.88777160644531,MONO,UNINCORPORATED,-118.88777923583984,37.635608673095703
91609256,2021,2021-10-28,9820,2021-10-22,0923,016556,,5,1,9,2600,0,1,2,,1,042,"STATE ROUTE 158","US 395 SOUTHBOUND",0.00,,Y,A,-,Y,,,158,,,,,,,Y,2,0,2,2,A,-,09,21802,A,N,D,C,A,A,H,-,A,A,0,,,,,Y,,A,07,2,0,0,0,0,0,0,0,0,"- ","- ",37.892631530761719,-119.09248352050781,MONO,UNINCORPORATED,-119.09244537353516,37.892311096191406
6561452,2014,2015-04-28,9820,2014-06-13,1150,14841,,5,1,9,2600,0,1,2,,1,012,"RT 395","EASTSIDE LN",19536.00,S,N,A,-,Y,MNO,9,395,-,-,102.800,H,-,N,Y,2,0,2,1,A,-,03,22350,,N,E,I,A,A,H,-,A,D,0,,,Y,,Y,,C,02,1,0,1,0,0,0,0,0,2,"- ","- ",38.45729,-119.459,MONO,UNINCORPORATED,-119.46219693,38.473026709999999
90913610,2019,2019-01-28,9820,2019-01-21,0055,020241,,1,3,9,2600,0,1,2,,1,041,"US-395 S/B","UTILITY ROAD",100.00,S,N,D,G,Y,,,395,,,,,,S,Y,2,0,2,1,A,-,03,22350,,N,E,I,A,C,G,-,D,A,0,,,,,Y,,A,07,1,1,0,0,0,0,0,0,0,"- ","- ",37.950660705566406,-119.11598205566406,MONO,UNINCORPORATED,-119.11590576171875,37.950946807861328
6290490,2014,2014-05-14,9820,2014-03-05,0515,20259,,3,3,9,2600,0,3,5,,2,040,"LUNDY LAKE RD","RT 395",28.00,W,N,B,-,Y,MNO,9,395,-,-,58.240,I,6,S,Y,1,1,1,1,A,-,03,22350,,N,E,I,A,A,H,-,B,D,0,,,,,Y,,A,01,0,1,0,0,0,0,0,0,0,"- ","- ",38.045290000000001,-119.16091,MONO,UNINCORPORATED,-119.16079773,38.045301209999998
6602805,2014,2016-04-28,9820,2014-08-12,0144,020390,,2,3,9,2600,0,1,2,,1,011,"RT 395","CA/NV STATELINE",3242.00,S,N,B,-,Y,MNO,9,395,-,-,12.009,H,-,S,Y,2,0,1,1,A,-,08,22107,,N,E,I,A,A,H,-,C,D,0,,,,,Y,,A,01,1,0,0,0,0,0,0,0,0,"- ","- ",38.682040000000001,-119.54853,MONO,UNINCORPORATED,-118.70192028,37.571900929999998
6635009,2014,2014-10-06,9820,2014-08-24,1035,018674,,7,1,9,2600,0,3,5,,2,015,"BRIDGEPORT RESERVOIR LAKE BED","STATION LINE",279.00,S,N,A,-,N,,,,,,,,,,N,2,0,1,1,A,-,03,38305,,N,F,A,A,A,G,-,A,D,0,,,Y,,Y,,C,06,1,0,0,0,0,0,0,0,1,"- ","- ",38.289209999999997,-119.21904000000001,MONO,UNINCORPORATED,,
6770538,2015,2016-04-26,9820,2015-01-02,2321,020600,,5,3,9,2600,0,3,5,,2,045,"PICNIC GROUNDS RD","RT 395",1584.00,E,N,A,-,N,,,,,,,,,,Y,2,0,1,1,A,-,01,23152,A,N,F,A,A,A,H,-,D,D,0,,,,,Y,Y,D,22,1,0,0,0,0,0,0,0,0,"- ","- ",37.971060000000001,-119.12963999999999,MONO,UNINCORPORATED,-119.12963366,37.971035239999999
7006020,2015,2017-03-28,9820,2015-06-20,0838,19766,,6,1,9,2600,0,1,2,,1,052,"RT 395","CROWLEY LAKE DR",1577.00,N,N,A,-,Y,MNO,9,395,-,R,18.340,H,-,S,Y,1,2,1,1,A,-,08,22107,,N,E,I,A,A,H,-,A,D,0,,,,,Y,,D,22,1,0,0,0,0,0,0,0,0,"- ","- ",37.605020000000003,-118.80553,MONO,UNINCORPORATED,-118.80555552,37.605199910000003
7014470,2015,2017-01-30,2601,2015-07-11,1055,0051,4,6,5,2,2601,0,0,0,,0,0ML,"MAIN ST","SIERRA PARK RD",0.00,,Y,A,-,Y,MNO,9,203,-,-,5.250,I,5,E,Y,2,0,4,2,A,-,09,21803,A,N,D,C,A,A,H,-,A,D,0,,,,,Y,,A,01,1,1,2,0,0,0,0,0,0,"- ","- ",,,MONO,"MAMMOTH LAKES",-119.05780485,37.653939520000002
8026427,2016,2016-04-27,2601,2016-04-08,1517,0045,SOUTH,5,5,2,2601,0,0,0,,0,44D1,"CHATEAU RD","MINARET RD",300.00,E,N,A,-,N,,,,,,,,,,Y,2,0,1,1,A,-,03,22350,,N,E,J,A,A,H,-,A,D,0,,,,,Y,,D,22,1,0,0,0,0,0,0,0,0,"- ","- ",,,MONO,"MAMMOTH LAKES",-118.97328,37.63608
8669774,2018,2018-08-14,2601,2018-06-13,0843,0014,MLPD,3,5,2,2601,0,0,0,,0,4413,"OLD MAMMOTH RD","SIERRA NEVADA RD",0.00,,Y,A,-,N,,,,,,,,,,N,2,0,1,3,A,-,09,21802,A,N,A,G,A,A,H,-,A,A,0,,Y,,,Y,,D,22,1,0,0,0,0,0,1,0,0,"- ","- ",37.6380615234375,-118.961669921875,MONO,"MAMMOTH LAKES",-118.96623992919922,37.642208099365234
90029742,2015,2015-10-19,9820,2015-10-08,1142,019766,,4,1,9,2600,0,1,2,,1,051,"US-395 SOUTHBOUND","MAMMOTH SCENIC LOOP",577.00,N,N,A,-,Y,,,395,,,,,,S,Y,2,0,2,1,C,-,18,,,N,H,H,A,A,H,-,A,D,0,,,Y,,Y,,-,"- ",2,0,0,0,0,0,0,0,2,"- ","- ",37.71067,-118.95341999999999,MONO,UNINCORPORATED,-118.95347049999999,37.710657439999999
90031022,2015,2015-11-25,9820,2015-10-04,2030,020241,,7,2,9,2600,0,1,2,,1,021,US-395,"BURCHAM FLAT RD",528.00,S,N,B,-,Y,,,395,,,,,,,Y,2,0,4,2,A,-,05,21460,A,N,A,C,A,A,H,-,D,A,0,,,,,Y,,A,01,2,0,2,0,0,0,0,0,0,"- ","- ",38.354239999999997,-119.42371,MONO,UNINCORPORATED,-119.42374264999999,38.354274920000002
90154111,2016,2016-04-11,9820,2016-03-31,1710,020426,,4,2,9,2600,0,3,5,,2,045,"BALD MOUNTAIN ROAD","RT 395",32736.00,E,N,A,-,N,,,,,,,,,,N,2,0,2,1,A,-,03,38305,,N,F,A,A,C,H,-,A,D,0,,,Y,,Y,,C,06,1,1,0,0,0,0,0,0,2,"- ","- ",37.807560000000002,-118.94168000000001,MONO,UNINCORPORATED,-118.9425213,37.807525460000001
90194744,2016,2016-06-06,9820,2016-05-21,1545,020926,,6,2,9,2600,0,1,2,,1,052,"US-395 SOUTHBOUND","S. LANDING RD.",7392.00,S,N,A,-,Y,,,395,,,,,,S,Y,2,0,2,1,A,-,08,22107,,N,E,I,A,A,H,-,A,D,0,,,,,Y,,A,07,1,0,1,0,0,0,0,0,0,"- ","- ",37.573560000000001,-118.71586000000001,MONO,UNINCORPORATED,-118.71583492000001,37.573607459999998
90219711,2016,2016-07-11,9820,2016-07-02,0607,020426,,6,1,9,2600,0,1,2,,1,051,"US-395 N/B","CRESTVIEW REST AREA",1584.00,S,N,A,-,Y,,,395,,,,,,N,Y,2,0,4,1,A,-,08,22107,,N,F,A,A,A,H,-,A,D,0,,,,,Y,,A,07,1,1,2,0,0,0,0,0,0,"- ","- ",37.72616,-118.96332,MONO,UNINCORPORATED,-118.96333997000001,37.726144570000002
90371179,2017,2017-01-17,9820,2017-01-10,1332,020600,,2,1,9,2600,0,1,2,,1,052,"US-395 N/B","MCGEE CREEK RD",106.00,N,N,D,G,Y,,,395,,,,,,N,Y,2,0,2,2,A,-,03,22350,,N,C,E,A,C,H,-,A,D,0,,,,,Y,,D,22,2,0,0,0,0,0,0,0,0,"- ","- ",37.590380000000003,-118.78955000000001,MONO,UNINCORPORATED,-118.78956368999999,37.590354480000002
90391386,2017,2017-02-13,9820,2017-02-06,1220,020309,,1,1,9,2600,0,1,2,,1,041,"RT 395","THOMPSON RD",1584.00,N,N,G,-,Y,,,395,,,,,,,Y,2,0,1,1,C,-,18,,,N,F,A,A,B,H,-,A,A,0,,,,Y,Y,,-,"- ",1,0,0,0,0,0,0,0,0,"- ","- ",38.02581,-119.15572,MONO,UNINCORPORATED,-119.15575401,38.025819720000001
90424531,2017,2017-03-30,9825,2017-03-25,0530,017565,,6,3,9,2600,0,1,2,,1,009,US-6,"NEVADA STATE LINE",5280.00,S,N,A,-,Y,,,6,,,,,,,Y,1,1,4,1,A,-,08,22107,,N,E,I,A,A,H,-,D,D,0,,,,,Y,,B,07,0,1,3,0,0,0,0,0,0,"- ","- ",37.890180000000001,-118.44964,MONO,UNINCORPORATED,-118.44961431,37.890147259999999
90447274,2017,2017-05-02,9820,2017-04-28,1520,021335,,5,2,9,2600,0,1,2,,1,041,"US-395 N/B","SR-120 E/B",5280.00,S,N,A,-,Y,,,395,,,,,,N,Y,2,0,2,1,A,-,08,22107,,N,F,A,A,A,H,-,A,D,0,,,,,Y,,A,07,2,0,0,0,0,0,0,0,0,"- ","- ",37.872250000000001,-119.08811,MONO,UNINCORPORATED,-119.08805323999999,37.872260750000002