CASE_ID,ACCIDENT_YEAR,PROC_DATE,JURIS,COLLISION_DATE,COLLISION_TIME,OFFICER_ID,REPORTING_DISTRICT,DAY_OF_WEEK,CHP_SHIFT,POPULATION,CNTY_CITY_LOC,SPECIAL_COND,BEAT_TYPE,CHP_BEAT_TYPE,CITY_DIVISION_LAPD,CHP_BEAT_CLASS,BEAT_NUMBER,PRIMARY_RD,SECONDARY_RD,DISTANCE,DIRECTION,INTERSECTION,WEATHER_1,WEATHER_2,STATE_HWY_IND,CALTRANS_COUNTY,CALTRANS_DISTRICT,STATE_ROUTE,ROUTE_SUFFIX,POSTMILE_PREFIX,POSTMILE,LOCATION_TYPE,RAMP_INTERSECTION,SIDE_OF_HWY,TOW_AWAY,COLLISION_SEVERITY,NUMBER_KILLED,NUMBER_INJURED,PARTY_COUNT,PRIMARY_COLL_FACTOR,PCF_CODE_OF_VIOL,PCF_VIOL_CATEGORY,PCF_VIOLATION,PCF_VIOL_SUBSECTION,HIT_AND_RUN,TYPE_OF_COLLISION,MVIW,PED_ACTION,ROAD_SURFACE,ROAD_COND_1,ROAD_COND_2,LIGHTING,CONTROL_DEVICE,CHP_ROAD_TYPE,PEDESTRIAN_ACCIDENT,BICYCLE_ACCIDENT,MOTORCYCLE_ACCIDENT,TRUCK_ACCIDENT,NOT_PRIVATE_PROPERTY,ALCOHOL_INVOLVED,STWD_VEHTYPE_AT_FAULT,CHP_VEHTYPE_AT_FAULT,COUNT_SEVERE_INJ,COUNT_VISIBLE_INJ,COUNT_COMPLAINT_PAIN,COUNT_PED_KILLED,COUNT_PED_INJURED,COUNT_BICYCLIST_KILLED,COUNT_BICYCLIST_INJURED,COUNT_MC_KILLED,COUNT_MC_INJURED,PRIMARY_RAMP,SECONDARY_RAMP,LATITUDE,LONGITUDE,COUNTY,CITY,POINT_X,POINT_Y
90502801,2017,2018-01-10,9825,2017-07-11,1455,016631,,2,2,9,2600,0,1,2,,1,023,"US-395 SOUTHBOUND","GORGE ROAD",11088.00,N,N,A,-,Y,,,395,,,,,,S,Y,2,0,1,2,C,-,18,,,N,C,C,A,A,H,-,A,D,0,,,,Y,Y,,-,"- ",1,0,0,0,0,0,0,0,0,"- ","- ",37.475760000000001,-118.58166,MONO,UNINCORPORATED,-118.58157402000001,37.475766630000003
90537461,2017,2017-08-30,9820,2017-08-26,1745,021404,,6,2,9,2600,0,1,3,,1,039,SR-158,"RUSH CREEK SUBSTATION RD",422.00,N,N,A,-,Y,,,158,,,,,,,Y,2,0,1,1,A,-,03,22350,,N,F,A,A,A,H,-,A,D,0,,,Y,,Y,,C,02,1,0,0,0,0,0,0,0,1,"- ","- ",37.778779999999998,-119.12949999999999,MONO,UNINCORPORATED,-119.12951227000001,37.778779649999997
90562035,2017,2017-10-03,9820,2017-09-07,1740,014841,,4,2,9,2600,0,1,2,,1,011,US-395,SR-89,4752.00,S,N,B,-,Y,,,395,,,,,,,Y,1,1,1,2,A,-,01,23152,A,N,A,C,A,A,H,-,A,D,0,,,,,Y,Y,D,22,1,0,0,0,0,0,0,0,0,"- ","- ",38.628689999999999,-119.52433000000001,MONO,UNINCORPORATED,-119.52429136000001,38.628689020000003
90562344,2017,2017-10-03,9820,2017-09-28,1545,019760,,4,2,9,2600,0,1,2,,1,041,US-395,"UTILITY RD",164.00,S,N,A,-,Y,,,395,,,,,,,Y,2,0,1,2,A,-,09,21801,A,N,D,C,A,A,H,-,A,D,0,,,Y,,Y,,D,22,1,0,0,0,0,0,0,0,1,"- ","- ",37.95102,-119.11617,MONO,UNINCORPORATED,-119.11616526,37.951030359999997
90603622,2017,2017-11-28,9820,2017-11-22,1457,016150,,3,2,9,2600,0,1,2,,1,021,US-395,"SWAUGER CREEK",334.00,S,N,A,-,Y,,,395,,,,,,,Y,2,0,1,1,A,-,08,22107,,N,F,A,A,A,H,-,A,D,0,,,,,Y,,A,07,1,0,0,0,0,0,0,0,0,"- ","- ",38.31758,-119.31397,MONO,UNINCORPORATED,-119.31398170999999,38.317578210000001
90640638,2018,2018-01-16,9820,2018-01-13,0658,019766,,6,1,9,2600,0,1,2,,1,051,"US-395 SOUTHBOUND",SR-203,5297.00,N,N,A,-,Y,,,395,,,,,,S,Y,2,0,1,1,A,-,08,22107,,N,E,I,A,A,H,-,A,D,0,,,,Y,Y,,G,25,1,0,0,0,0,0,0,0,0,"- ","- ",37.653480529785156,-118.92443084716797,MONO,UNINCORPORATED,-118.92449951171875,37.653476715087891
90655232,2018,2018-03-12,9820,2018-01-20,1534,021335,,6,2,9,2600,0,1,2,,1,011,US-395,"PENFIELD ST",4752.00,S,N,A,-,Y,,,395,,,,,,,Y,1,1,1,2,A,-,08,22107,,N,A,C,A,C,H,-,A,D,0,,,,,Y,,D,22,1,0,0,0,0,0,0,0,0,"- ","- ",38.667701721191406,-119.54514312744141,MONO,UNINCORPORATED,-119.54513549804688,38.667713165283203
90659589,2018,2018-03-12,9820,2018-01-24,1930,020934,,3,2,9,2600,0,1,2,,1,042,"NORTHBOUND US-395","MNO 395 R46.00",2475.00,S,N,B,-,Y,,,395,,,,,,,Y,1,1,0,1,A,-,08,22107,,N,F,A,A,A,H,-,D,D,0,,,,,Y,,A,01,0,0,0,0,0,0,0,0,0,"- ","- ",37.881420135498047,-119.089599609375,MONO,UNINCORPORATED,-119.08967590332031,37.88140869140625
90691234,2018,2018-03-27,9825,2018-03-21,1525,017565,,3,2,9,2600,0,3,5,,2,030,"FISH SLOUGH RD","CHIDAGO CANYON RD",8976.00,N,N,B,C,N,,,,,,,,,,Y,2,0,2,2,A,-,03,22350,,N,A,C,A,B,B,-,A,D,0,,,,,Y,Y,D,22,1,0,1,0,0,0,0,0,0,"- ","- ",37.6793212890625,-118.45337677001953,MONO,UNINCORPORATED,-118.45417785644531,37.678306579589844
90724172,2018,2018-05-10,9820,2018-05-06,1610,018230,,7,2,9,2600,0,1,3,,1,013,SR-89,US-395,8448.00,W,N,A,-,Y,,,89,,,,,,,Y,2,0,1,1,A,-,03,22350,,N,F,A,A,A,H,-,A,D,0,,,,Y,Y,,F,26,1,0,0,0,0,0,0,0,0,"- ","- ",38.642910003662109,-119.55654907226562,MONO,UNINCORPORATED,-119.55654907226562,38.642932891845703
90741141,2018,2018-06-05,9825,2018-06-01,1530,014450,,5,2,9,2600,0,3,5,,2,030,"DEER PEAK TRAIL","LOWER ROCK CREEK ROAD",110.00,S,N,A,-,N,,,,,,,,,,N,2,0,1,1,A,-,03,22350,,N,F,A,A,A,H,-,A,D,0,,Y,,,Y,Y,L,04,1,0,0,0,0,0,1,0,0,"- ","- ",37.287681579589844,-118.36461639404297,MONO,UNINCORPORATED,-118.60771179199219,37.479751586914062
90772125,2018,2018-07-18,9820,2018-07-14,1405,021335,,6,2,9,2600,0,3,5,,2,025,"BODIE MASONIC RD","BYPASS RD",6864.00,W,N,B,-,N,,,,,,,,,,Y,2,0,1,1,A,-,03,22350,,N,F,A,A,A,H,-,A,D,0,,,Y,,Y,,C,02,1,0,0,0,0,0,0,0,1,"- ","- ",38.222370147705078,-119.03836059570312,MONO,UNINCORPORATED,-119.03632354736328,38.221897125244141
90792052,2018,2018-08-22,9820,2018-08-03,0730,015992,,5,1,9,2600,0,1,2,,1,022,US-395,"CONWAY RANCH RD",1584.00,S,N,A,-,Y,,,395,,,,,,,Y,1,1,0,1,C,-,18,,,N,F,A,A,A,H,-,A,D,0,,,,Y,Y,,-,"- ",0,0,0,0,0,0,0,0,0,"- ","- ",38.064731597900391,-119.16858673095703,MONO,UNINCORPORATED,-119.16869354248047,38.064693450927734
90825405,2018,2018-10-01,9820,2018-08-27,1201,020390,,1,1,9,2600,0,3,5,,2,020,"BUCKEYE ROAD",US-395,15840.00,W,N,A,-,N,,,,,,,,,,Y,1,1,0,1,A,-,08,22107,,N,F,A,A,A,H,-,A,D,0,,,Y,,Y,,C,06,0,0,0,0,0,0,0,1,0,"- ","- ",38.252658843994141,-119.30632781982422,MONO,UNINCORPORATED,-119.30499267578125,38.268970489501953
90829758,2018,2018-10-05,9820,2018-09-28,2305,020241,,5,3,9,2600,0,3,5,,2,020,"BUCKEYE RD","TWIN LAKES RD",8448.00,W,N,A,-,N,,,,,,,,,,Y,2,0,1,1,A,-,03,22350,,N,F,A,A,A,G,-,D,D,0,,,,,Y,,D,22,1,0,0,0,0,0,0,0,0,"- ","- ",38.230251312255859,-119.32090759277344,MONO,UNINCORPORATED,-119.32150268554688,38.229171752929688
90841552,2018,2018-11-05,9820,2018-09-29,1630,014841,,6,2,9,2600,0,3,5,,2,010,"GOLDEN GATE RD.","MILL CANYON RD.",14784.00,W,N,A,-,N,,,,,,,,,,Y,1,1,0,2,A,-,03,22350,,N,F,A,A,A,H,-,A,D,0,,,Y,,Y,Y,C,06,0,0,0,0,0,0,0,1,0,"- ","- ",38.512641906738281,-119.53383636474609,MONO,UNINCORPORATED,-119.53324890136719,38.513088226318359
90878584,2018,2018-12-10,9820,2018-12-02,0810,021026,,7,1,9,2600,0,1,2,,1,052,"CONVICT LAKE ROAD",US-395,4752.00,W,N,B,-,N,,,,,,,,,,Y,2,0,1,1,A,-,03,22350,,N,F,I,A,C,H,-,A,D,0,,,,,Y,,D,22,1,0,0,0,0,0,0,0,0,"- ","- ",37.611690521240234,-118.84893035888672,MONO,UNINCORPORATED,-118.84868621826172,37.611949920654297
91058288,2019,2019-09-06,9820,2019-08-03,1230,018654,,6,1,9,2600,0,1,2,,1,011,US-395,SR-89,7920.00,N,N,A,-,Y,,,395,,,,,,,Y,2,0,1,2,A,-,03,22350,,N,C,C,A,A,H,-,A,D,0,,,Y,,Y,Y,C,02,1,0,0,0,0,0,0,0,1,"- ","- ",38.661079406738281,-119.54012298583984,MONO,UNINCORPORATED,-119.5400390625,38.661106109619141
91141973,2019,2020-01-21,9820,2019-10-31,2500,020839,,4,4,9,2600,0,1,3,,1,044,"SR-120 W/B","POOLE POWER PLANT RD.",12144.00,W,N,A,-,Y,,,,,,,,,,Y,1,1,0,1,A,-,08,22107,,N,F,A,A,A,H,-,D,D,0,,,,,Y,,A,01,0,0,0,0,0,0,0,0,0,"- ","- ",37.946861267089844,-119.19309997558594,MONO,UNINCORPORATED,-119.19452667236328,37.948314666748047
91174220,2020,2020-01-27,9730,2020-01-15,0300,022092,,3,3,9,2600,0,1,3,,1,014,"SR-1 (CABRILLO HIGHWAY) S/B","MPM MON 38.69",2640.00,S,N,A,-,Y,,,1,,,,,,S,Y,2,0,1,1,A,-,08,22107,,N,F,I,A,A,H,-,D,D,0,,,,,Y,,A,07,1,0,0,0,0,0,0,0,0,"- ","- ",36.177459716796875,-121.69866180419922,MONO,UNINCORPORATED,-121.69863128662109,36.177459716796875
91248141,2020,2020-06-08,9825,2020-06-03,2240,019814,,3,3,9,2600,0,1,3,,1,012,SR-266,"SR-168 E/B",0.00,,N,A,-,Y,,,266,,,,,,,Y,2,0,1,1,A,-,08,22107,,N,E,I,A,A,H,-,D,D,0,,,,,Y,,D,22,1,0,0,0,0,0,0,0,0,"- ","- ",37.487770080566406,-117.92153930664062,MONO,UNINCORPORATED,-117.92184448242188,37.48712158203125
91264786,2020,2020-07-07,9820,2020-06-27,1005,016556,,6,1,9,2600,0,3,5,,2,055,"MAMMOTH SCENIC LOOP",US-395,5280.00,W,N,A,-,N,,,,,,,,,,N,2,0,1,1,A,-,03,22350,,N,E,J,A,A,B,-,A,D,0,,Y,,,Y,,L,04,1,0,0,0,0,0,1,0,0,"- ","- ",37.703781127929688,-118.96919250488281,MONO,UNINCORPORATED,-118.96920776367188,37.703628540039062
91298571,2020,2020-09-03,9820,2020-08-30,1535,021692,,7,2,9,2600,0,1,3,,1,013,SR-89,US-395,9240.00,W,N,A,-,Y,,,89,,,,,,,Y,2,0,2,2,A,-,05,21460,A,N,F,C,A,A,H,-,A,D,0,,,Y,,Y,,C,02,2,0,0,0,0,0,0,0,2,"- ","- ",38.642978668212891,-119.55711364746094,MONO,UNINCORPORATED,-119.55709838867188,38.643020629882812
91331064,2020,2020-10-26,9820,2020-10-19,1220,019933,,1,1,9,2600,0,1,2,,1,021,"RT 395","BUCKEYE RD.",0.00,,Y,A,-,Y,,,395,,,,,,,Y,2,0,1,2,A,-,06,21751,,N,D,C,A,A,H,-,A,D,0,,,Y,,Y,,C,02,1,0,0,0,0,0,0,0,1,"- ","- ",38.276321411132812,-119.28938293457031,MONO,UNINCORPORATED,-119.28935241699219,38.276348114013672
91345853,2020,2020-12-08,9820,2020-11-09,1020,017711,,1,1,9,2600,0,1,3,,1,023,"STATE ROUTE 182","EAST WALKER RIVER BRIDGE",12672.00,N,N,A,-,Y,,,182,,,,,,,Y,2,0,2,3,A,-,08,22107,,N,B,C,A,C,H,-,A,D,0,,,,Y,Y,,B,07,2,0,0,0,0,0,0,0,0,"- ","- ",38.371379852294922,-119.19525146484375,MONO,UNINCORPORATED,-119.19520568847656,38.371334075927734
91412957,2021,2021-02-22,9820,2021-02-21,1240,021692,,7,1,9,2600,0,3,5,,2,045,"US FOREST SERVICE LAND","USFS ROAD 01S393",5280.00,E,N,A,-,N,,,,,,,,,,N,2,0,1,1,A,-,03,38305,,N,E,I,A,C,H,-,A,D,0,,,,,Y,,M,96,1,0,0,0,0,0,0,0,0,"- ","- ",37.829380035400391,-118.89974212646484,MONO,UNINCORPORATED,,
91441134,2021,2021-04-01,9820,2021-03-30,2120,018230,,2,2,9,2600,0,1,3,,2,043,SR-167,"COTTONWOOD CANYON RD",40656.00,E,N,A,-,Y,,,167,,,,,,,Y,2,0,1,1,A,-,03,22350,,N,H,H,A,A,G,-,D,A,0,,,,,Y,,A,01,1,0,0,0,0,0,0,0,0,"- ","- ",38.125980377197266,-118.90467834472656,MONO,UNINCORPORATED,-118.90469360351562,38.126018524169922
91480082,2021,2021-05-24,9820,2021-05-19,0415,018654,,3,3,9,2600,0,1,2,,1,041,US-395,"UTILITY RD",50.00,N,N,A,-,Y,,,395,,,,,,,Y,2,0,1,1,A,-,08,22107,,N,E,I,A,A,H,-,D,D,0,,,,Y,Y,,F,26,1,0,0,0,0,0,0,0,0,"- ","- ",37.951461791992188,-119.11686706542969,MONO,UNINCORPORATED,-119.11690521240234,37.951400756835938
91480358,2021,2021-05-27,9820,2021-05-20,1640,018230,,4,2,9,2600,0,3,5,,2,025,"UN-NAMED ROAD",SR-270,528.00,N,N,B,-,N,,,,,,,,,,N,2,0,1,1,A,-,03,38305,,N,F,A,A,A,H,-,A,D,0,,,Y,,Y,,C,02,1,0,0,0,0,0,0,0,1,"- ","- ",38.165130615234375,-119.15110778808594,MONO,UNINCORPORATED,,
91569201,2021,2021-09-13,9820,2021-09-04,1135,021335,,6,1,9,2600,0,3,5,,2,040,"NORTHSHORE DR","GARBAGE PIT RD",563.00,E,N,A,-,N,,,,,,,,,,Y,2,0,1,1,A,-,08,22107,,N,F,A,A,A,H,-,A,D,0,,,Y,,Y,,C,02,1,0,0,0,0,0,0,0,1,"- ","- ",37.80133056640625,-119.06839752197266,MONO,UNINCORPORATED,,
91584000,2021,2021-09-30,9820,2021-09-22,1628,016944,,3,2,9,2600,0,1,2,,1,021,US-395,"BUCKEYE RD.",2191.00,S,N,A,-,Y,,,395,,,,,,,Y,2,0,2,2,A,-,08,22107,,N,B,C,A,A,H,-,A,D,0,,,,Y,Y,,E,22,1,1,0,0,0,0,0,0,0,"- ","- ",38.271331787109375,-119.28453826904297,MONO,UNINCORPORATED,-119.28453063964844,38.271339416503906
91589590,2021,2021-10-06,9820,2021-09-27,1952,022327,,1,2,9,2600,0,3,5,,2,050,"ROCK CREEK RD","ROCK CREEK LAKE CAMPGROUND ROAD",25.00,W,N,A,-,N,,,,,,,,,,Y,2,0,1,1,A,-,01,23152,A,N,E,I,A,A,H,-,D,D,0,,,,,Y,Y,A,01,1,0,0,0,0,0,0,0,0,"- ","- ",37.456890106201172,-118.73536682128906,MONO,UNINCORPORATED,-118.6826171875,37.5643310546875
91687976,2021,2022-01-28,9820,2021-11-12,0458,022327,,5,3,9,2600,0,1,2,,1,042,"US-395 S/B","GLASS CREEK RD",2112.00,N,N,A,-,Y,,,395,,,,,,S,Y,1,1,0,1,A,-,08,22107,,N,F,8,A,A,H,-,D,D,0,,,,,Y,,E,22,0,0,0,0,0,0,0,0,0,"- ","- ",37.756500244140625,-118.98674011230469,MONO,UNINCORPORATED,-118.98667144775391,37.756565093994141
91734730,2022,2022-03-28,9825,2022-03-21,1300,020125,,1,1,9,2600,0,1,3,,1,014,SR-266,SR-168,2640.00,N,N,A,-,N,,,,,,,,,,Y,2,0,2,1,A,-,08,22107,,N,E,I,A,A,H,-,A,D,0,,,,,Y,,-,"- ",1,0,1,0,0,0,0,0,0,"- ","- ",37.486961364746094,-117.92115783691406,MONO,UNINCORPORATED,-117.92117309570312,37.486892700195312
91769624,2022,2022-05-17,9820,2022-04-09,1655,016944,,6,2,9,2600,0,3,5,,2,010,SR-89,US-395,26400.00,N,N,A,-,Y,MNO,,89,,,5.094,H,,R,Y,2,0,1,1,A,-,03,22350,,N,F,A,A,A,H,-,A,D,0,,,Y,,Y,,C,02,1,0,0,0,0,0,0,0,1,"- ","- ",38.660850524902344,-119.58583068847656,MONO,UNINCORPORATED,-119.5858154296875,38.660854339599609
91776746,2022,2022-05-20,9820,2022-05-13,1155,016556,,5,1,9,2600,0,1,2,,1,052,"US 395 N/B","RT 203",1056.00,S,N,A,-,Y,MNO,,395,,R,25.456,H,,R,N,2,0,1,1,A,-,08,22107,,N,E,I,A,A,H,-,A,D,0,,,Y,,Y,,C,02,1,0,0,0,0,0,0,0,1,"- ","- ",37.639339447021484,-118.91204833984375,MONO,UNINCORPORATED,-118.91205596923828,37.639331817626953
91854515,2022,2022-08-31,9820,2022-08-26,0310,016556,,5,3,9,2600,0,3,5,,2,055,"SUBSTATION ROAD","RT 395",2640.00,E,N,A,-,N,,,,,,,,,,Y,2,0,2,1,A,-,08,22107,,N,E,I,A,A,H,-,D,D,0,,,,,Y,,A,01,2,0,0,0,0,0,0,0,0,"- ","- ",37.643520355224609,-118.9090576171875,MONO,UNINCORPORATED,,
91882985,2022,2022-10-05,9825,2022-09-27,1330,022905,,2,1,9,2600,0,3,5,,2,030,"SWALL MEADOWS RD","WILSON RD",1584.00,E,N,A,-,N,,,,,,,,,,Y,2,0,1,1,A,-,08,22107,,N,E,I,A,A,H,-,A,D,0,,,,,Y,,A,07,1,0,0,0,0,0,0,0,0,"- ","- ",37.508541107177734,-118.62648010253906,MONO,UNINCORPORATED,-118.62911987304688,37.508491516113281
91942095,2022,2022-12-14,9820,2022-08-26,1611,021208,,5,2,9,2600,0,1,2,,1,022,"US-395 SOUTHBOUND","VIRGINIA LAKES RD",5808.00,S,N,A,-,Y,MNO,,395,,,62.442,H,,L,Y,1,1,0,1,A,-,08,22107,,N,E,I,A,A,H,-,A,D,0,,,Y,,Y,,-,"- ",0,0,0,0,0,0,0,1,0,"- ","- ",38.074161529541016,-119.17561340332031,MONO,UNINCORPORATED,-119.17561340332031,38.07421875
91972080,2023,2023-01-19,9820,2023-01-16,1205,017711,,1,1,9,2600,0,1,2,,1,022,US-395,"STATE ROUTE 270",10560.00,S,N,B,-,Y,MNO,,395," "," ",67.861,H,,R,Y,2,0,4,2,A,-,03,22350,,N,C,C,A,C,H,-,A,A,0,,,,,Y,,A,07,1,0,3,0,0,0,0,0,0,"- ","- ",38.147789001464844,-119.18531799316406,MONO,UNINCORPORATED,-119.18536376953125,38.147785186767578
92014074,2022,2023-03-09,9820,2022-08-06,1650,021435,,6,2,9,2600,0,1,2,,1,012,US-395,"CHRIS FLAT"" CAMPGROUND""""""",5174.00,N,N,B,-,Y,MNO,,395,,,98.120,H,,R,Y,1,1,2,2,A,-,01,23152,A,N,B,2,A,A,H,-,A,D,0,,,,,Y,Y,A,01,1,1,0,0,0,0,0,0,0,"- ","- ",38.408660888671875,-119.45108032226562,MONO,UNINCORPORATED,-119.45113372802734,38.408679962158203
92058858,2023,2023-05-02,9820,2023-04-30,2320,018654,,7,3,9,2600,0,1,2,,1,012,US-395,SR-108,7920.00,N,N,A,-,Y,MNO,,395," "," ",94.864,H,,R,Y,2,0,2,2,A,-,08,22107,,N,B,C,A,A,H,-,D,D,0,,,,Y,Y,,A,08,1,0,1,0,0,0,0,0,0,"- ","- ",38.363861083984375,-119.44423675537109,MONO,UNINCORPORATED,-119.44413757324219,38.363861083984375
92073268,2023,2023-05-19,9820,2023-05-12,2105,022327,,5,2,9,2600,0,1,2,,1,052,"US-395 S/B","CROWLEY LAKE DR",630.00,N,N,A,-,Y,MNO,,395," ",R,18.159,H,,R,Y,2,0,1,1,A,-,01,23152,A,N,F,A,A,A,H,-,D,D,0,,,,,Y,Y,D,22,1,0,0,0,0,0,0,0,0,"- ","- ",37.603019714355469,-118.80332183837891,MONO,UNINCORPORATED,-118.80332946777344,37.603012084960938
92143315,2023,2023-08-14,9820,2023-08-07,1033,022327,,1,1,9,2600,0,1,3,,2,054,"SR-203 W/B","RT 395",50.00,E,N,A,-,Y,MNO,,203," ",R,8.613,H,,L,Y,2,0,1,2,A,-,09,21801,A,N,D,C,A,A,H,-,A,D,0,,,Y,,Y,,A,07,1,0,0,0,0,0,0,0,1,"- ","- ",37.641521453857422,-118.91587066650391,MONO,UNINCORPORATED,-118.91586303710938,37.641490936279297
92151701,2023,2023-08-23,9820,2023-05-29,"852 ",016944,,1,1,9,2600,0,1,2,,1,022,US-395,"MILEPOST MARKER 65.5",18.00,S,N,B,-,Y,MNO,,395," "," ",65.474,H,,L,Y,1,1,0,1,A,-,08,22107,,N,F,A,A,A,H,-,A,D,0,,,Y,,Y,,C,02,0,0,0,0,0,0,0,1,0,"- ","- ",38.114738464355469,-119.17799377441406,MONO,UNINCORPORATED,-119.17769622802734,38.114761352539062
92244187,2023,2023-11-27,9820,2023-11-23,"530 ",017711,,4,3,9,2600,0,1,2,,1,022,US-395,"VIRGINIA LAKES ROAD",5085.00,S,N,A,-,Y,MNO,,395," "," ",62.610,H,,R,Y,2,0,2,1,A,-,01,23152,A,F,E,I,A,A,H,-,D,D,0,,,,,Y,Y,A,07,1,0,1,0,0,0,0,0,0,"- ","- ",38.075241088867188,-119.17829895019531,MONO,UNINCORPORATED,-119.17818450927734,38.075294494628906
92395222,2024,2024-05-21,9820,2024-05-10,1710,021692,,5,2,9,2600,0,1,3,,2,047,"SR-120 EAST","CATTLE DRIVE RD.",174.00,W,N,A,-,Y,MNO,,120," "," ",53.428,H,,R,Y,2,0,2,2,A,-,01,23152,A,N,A,C,A,A,H,-,A,D,0,,,,,Y,Y,D,22,2,0,0,0,0,0,0,0,0,"- ","- ",37.785099029541016,-118.54418182373047,MONO,UNINCORPORATED,-118.54418182373047,37.785083770751953
92423883,2024,2024-06-26,9820,2024-06-25,"940 ",018230,,2,1,9,2600,0,1,2,,1,021,US-395,"SWAUGER CREEK ROAD",4224.00,S,N,A,-,Y,MNO,,395," "," ",86.177,H,,R,N,2,0,2,1,C,-,18,,,N,H,H,A,A,H,-,A,D,0,,,Y,,Y,,-,"- ",1,0,1,0,0,0,0,0,2,"- ","- ",38.346660614013672,-119.3292236328125,MONO,UNINCORPORATED,-119.32923126220703,38.346611022949219
92437750,2024,2024-07-12,9820,2024-06-01,1015,023874,,6,1,9,2600,0,1,2,,1,022,"UNITED STATES HIGHWAY 395","MILE POST MARKER 66.5",125.50,S,N,A,-,Y,MNO,,395," ",R,66.480,H,,R,Y,1,1,1,2,A,-,05,21460,A,N,A,C,A,A,H,-,A,D,0,,,,Y,Y,,A,07,0,1,0,0,0,0,0,0,0,"- ","- ",38.128761291503906,-119.18242645263672,MONO,UNINCORPORATED,-119.18243408203125,38.128761291503906
92442952,2024,2024-07-18,9820,2024-07-06,1420,021335,,6,2,9,2600,0,1,2,,1,041,US-395,"PICNIC GROUNDS RD",3168.00,N,N,A,-,Y,MNO,,395," "," ",53.701,H,,R,Y,2,0,6,2,A,-,08,22107,,N,A,2,A,A,H,-,A,D,0,,,,,Y,,A,01,1,3,2,0,0,0,0,0,0,"- ","- ",37.985279083251953,-119.13938903808594,MONO,UNINCORPORATED,-119.13935089111328,37.985286712646484
93491579,2024,2024-08-05,9820,2024-07-27,1520,021335,,6,2,9,2600,0,3,5,,2,040,"FOREST SERVICE ROAD 02S11",US-395,6494.00,W,N,A,-,N,,,,,,,,,,N,2,0,1,1,A,-,03,38305,,N,F,0,A,A,G,-,A,D,0,,,Y,,Y,,C,02,1,0,0,0,0,0,0,0,1,"- ","- ",37.751361846923828,-119.01431274414062,MONO,UNINCORPORATED,,
94371283,2024,2024-08-27,9820,2024-08-18,1700,023615,,7,2,9,2600,0,3,5,,2,025,"COW CAMP RD","AURORA CANYON RD",14256.00,N,N,A,-,N,,,,,,,,,,N,2,0,1,1,A,-,03,38305,,N,F,A,A,A,G,-,A,D,0,,,Y,,Y,,-,"- ",1,0,0,0,0,0,0,0,1,"- ","- ",38.307838439941406,-119.06690979003906,MONO,UNINCORPORATED,-119.14817047119141,38.277481079101562
94431907,2024,2024-10-15,9820,2024-09-18,1736,021335,,3,2,9,2600,0,1,2,,1,052,"US-395 S/B","SOUTH LANDING RD",5280.00,S,N,B,-,Y,MNO,,395," ",R,12.906,H,,L,Y,1,1,0,1,A,-,08,22107,,N,E,8,A,A,H,-,A,D,0,,,,,Y,,D,22,0,0,0,0,0,0,0,0,0,"- ","- ",37.574989318847656,-118.72052001953125,MONO,UNINCORPORATED,-118.72052001953125,37.574996948242188
94431918,2024,2024-10-15,9820,2024-09-27,2037,023615,,5,2,9,2600,0,1,3,,1,044,"SR-120 E/B","MPM 6.5",792.00,W,N,A,-,Y,MNO,,395," "," ",67.741,H,,R,Y,2,0,1,1,A,-,03,22350,,N,F,A,A,A,H,-,D,D,0,,,,,Y,,A,08,1,0,0,0,0,0,0,0,0,"- ","- ",38.146068572998047,-119.18491363525391,MONO,UNINCORPORATED,-119.18501281738281,38.146060943603516
94459135,2024,2024-11-05,9820,2024-10-27,1805,020309,,7,2,9,2600,0,1,2,,1,021,"RT 395","BURCHAM FLAT RD",4224.00,S,N,A,-,Y,MNO,,395," "," ",90.757,H,,R,Y,2,0,1,2,A,-,06,21751,,N,A,C,A,A,H,-,B,D,0,,,,,Y,,D,22,1,0,0,0,0,0,0,0,0,"- ","- ",38.353801727294922,-119.41095733642578,MONO,UNINCORPORATED,-119.41094970703125,38.353828430175781
94732576,2025,2025-06-19,9820,2025-06-13,1500,021335,,5,2,9,2600,0,1,2,,1,042,US-395,"PUMICE MINE RD",0.00,,Y,A,-,Y,MNO,,395," ",R,39.892,H,,R,Y,2,0,1,2,A,-,09,21804,A,N,D,2,A,A,H,-,A,D,0,,,Y,,Y,,C,06,1,0,0,0,0,0,0,0,1,"- ","- ",37.808231353759766,-119.04770660400391,MONO,UNINCORPORATED,-119.04772186279297,37.808223724365234
94736353,2025,2025-06-23,9825,2025-04-04,"925 ",022520,,5,1,9,2600,0,3,5,,2,030,"SR-266 NORTHBOUND","MILLER LANE",2112.00,S,N,A,-,Y,MNO,,266," "," ",6.699,H,,R,Y,1,1,1,1,A,-,08,22107,,N,E,J,A,A,H,-,A,D,0,,,,,Y,Y,A,07,1,0,0,0,0,0,0,0,0,"- ","- ",37.511741638183594,-117.93531036376953,MONO,UNINCORPORATED,-117.93535614013672,37.511722564697266